time,congestion,avg_wait,throughput,signal_state
0.0,0,0.0,0,NS_GREEN
0.02,0,0.0,0,NS_GREEN
0.03,0,0.0,0,NS_GREEN
0.05,0,0.0,0,NS_GREEN
0.07,0,0.0,0,NS_GREEN
0.08,0,0.0,0,NS_GREEN
0.1,0,0.0,0,NS_GREEN
0.12,0,0.0,0,NS_GREEN
0.13,0,0.0,0,NS_GREEN
0.15,0,0.0,0,NS_GREEN
0.17,0,0.0,0,NS_GREEN
0.18,0,0.0,0,NS_GREEN
0.2,0,0.0,0,NS_GREEN
0.22,0,0.0,0,NS_GREEN
0.23,0,0.0012,0,NS_GREEN
0.25,0,0.0023,0,NS_GREEN
0.27,0,0.0032,0,NS_GREEN
0.28,0,0.0042,0,NS_GREEN
0.3,0,0.0053,0,NS_GREEN
0.32,0,0.0064,0,NS_PRIORITY
0.33,0,0.0074,0,NS_PRIORITY
0.35,1,0.0084,0,NS_PRIORITY
0.37,1,0.0097,0,NS_PRIORITY
0.38,1,0.0108,0,NS_PRIORITY
0.4,1,0.0118,0,NS_PRIORITY
0.42,1,0.0128,0,NS_PRIORITY
0.43,1,0.0139,0,NS_PRIORITY
0.45,1,0.0149,0,NS_PRIORITY
0.47,1,0.0159,0,NS_PRIORITY
0.48,1,0.0159,0,NS_PRIORITY
0.5,1,0.0159,0,NS_PRIORITY
0.52,2,0.0159,0,NS_PRIORITY
0.53,2,0.0159,0,NS_PRIORITY
0.55,2,0.0159,0,NS_PRIORITY
0.57,2,0.0159,0,NS_PRIORITY
0.58,2,0.0159,0,NS_PRIORITY
0.6,2,0.0159,0,NS_PRIORITY
0.62,2,0.0159,0,NS_PRIORITY
0.63,2,0.0159,0,NS_PRIORITY
0.65,2,0.0159,0,NS_PRIORITY
0.67,2,0.0159,0,NS_PRIORITY
0.68,2,0.0159,0,NS_PRIORITY
0.7,2,0.0159,0,NS_PRIORITY
0.72,2,0.0159,0,NS_PRIORITY
0.73,2,0.0159,0,NS_PRIORITY
0.75,2,0.0159,0,NS_PRIORITY
0.77,1,0.0159,0,NS_PRIORITY
0.78,1,0.0159,0,NS_PRIORITY
0.8,1,0.0159,0,NS_PRIORITY
0.82,1,0.0159,0,NS_PRIORITY
0.83,1,0.0159,0,NS_PRIORITY
0.85,1,0.0159,0,NS_PRIORITY
0.87,1,0.0159,0,NS_PRIORITY
0.88,1,0.0159,0,NS_PRIORITY
0.9,1,0.0159,0,NS_PRIORITY
0.92,0,0.0159,0,NS_PRIORITY
0.93,0,0.0159,0,NS_PRIORITY
0.95,0,0.0159,0,NS_PRIORITY
0.97,0,0.0159,0,NS_PRIORITY
0.98,0,0.0159,0,NS_PRIORITY
1.0,0,0.0159,0,NS_PRIORITY
1.02,0,0.0159,0,NS_PRIORITY
1.03,0,0.0159,0,NS_PRIORITY
1.05,0,0.0159,0,NS_PRIORITY
1.07,0,0.0159,0,NS_PRIORITY
1.08,0,0.0159,0,NS_PRIORITY
1.1,0,0.0159,0,NS_PRIORITY
1.12,0,0.0159,0,NS_PRIORITY
1.13,0,0.0159,0,NS_PRIORITY
1.15,0,0.0159,0,NS_PRIORITY
1.17,0,0.0159,0,NS_PRIORITY
1.18,0,0.0159,0,NS_PRIORITY
1.2,0,0.0159,0,NS_PRIORITY
1.22,0,0.0159,0,NS_PRIORITY
1.23,0,0.0159,0,NS_PRIORITY
1.25,0,0.0159,0,NS_PRIORITY
1.27,0,0.0159,0,NS_PRIORITY
1.28,1,0.0159,0,NS_PRIORITY
1.3,1,0.0159,0,NS_PRIORITY
1.32,1,0.0159,0,NS_PRIORITY
1.33,1,0.0159,0,NS_PRIORITY
1.35,1,0.0159,0,NS_PRIORITY
1.37,1,0.0159,0,NS_PRIORITY
1.38,1,0.0159,0,NS_PRIORITY
1.4,1,0.0159,0,NS_PRIORITY
1.42,2,0.0159,0,NS_PRIORITY
1.43,2,0.0159,0,NS_PRIORITY
1.45,2,0.0159,0,NS_PRIORITY
1.47,2,0.0159,0,NS_PRIORITY
1.48,2,0.0159,0,NS_PRIORITY
1.5,2,0.0159,0,NS_PRIORITY
1.52,2,0.0159,0,NS_PRIORITY
1.53,2,0.0159,0,NS_PRIORITY
1.55,2,0.0159,0,NS_PRIORITY
1.57,2,0.0159,0,NS_PRIORITY
1.58,2,0.0159,0,NS_PRIORITY
1.6,2,0.0159,0,NS_PRIORITY
1.62,2,0.0159,0,NS_PRIORITY
1.63,2,0.0159,0,NS_PRIORITY
1.65,2,0.0159,0,NS_PRIORITY
1.67,2,0.0159,0,NS_PRIORITY
1.68,2,0.0159,0,NS_PRIORITY
1.7,1,0.0169,0,NS_PRIORITY
1.72,1,0.0178,0,NS_PRIORITY
1.73,1,0.0188,0,NS_PRIORITY
1.75,1,0.0197,0,NS_PRIORITY
1.77,1,0.0206,0,NS_PRIORITY
1.78,1,0.0215,0,NS_PRIORITY
1.8,1,0.0224,0,NS_PRIORITY
1.82,1,0.0235,0,NS_PRIORITY
1.83,0,0.0244,0,NS_PRIORITY
1.85,0,0.0254,0,NS_PRIORITY
1.87,0,0.0263,0,NS_PRIORITY
1.88,0,0.0272,0,NS_PRIORITY
1.9,0,0.0281,0,NS_PRIORITY
1.92,0,0.029,0,NS_PRIORITY
1.93,0,0.0299,0,NS_PRIORITY
1.95,0,0.0308,0,NS_PRIORITY
1.97,0,0.0318,0,NS_PRIORITY
1.98,0,0.0327,0,NS_PRIORITY
2.0,0,0.0344,0,NS_PRIORITY
2.02,0,0.0366,0,NS_PRIORITY
2.03,0,0.0386,0,NS_PRIORITY
2.05,0,0.0404,0,NS_PRIORITY
2.07,0,0.0426,0,NS_PRIORITY
2.08,0,0.0443,0,NS_PRIORITY
2.1,0,0.0463,0,NS_PRIORITY
2.12,0,0.0481,60,NS_PRIORITY
2.13,0,0.0499,0,NS_PRIORITY
2.15,0,0.0517,0,NS_PRIORITY
2.17,0,0.0539,0,NS_PRIORITY
2.18,0,0.0559,0,NS_PRIORITY
2.2,0,0.0578,0,NS_PRIORITY
2.22,0,0.06,0,NS_PRIORITY
2.23,0,0.0619,0,NS_PRIORITY
2.25,0,0.0638,0,NS_PRIORITY
2.27,0,0.0656,0,NS_PRIORITY
2.28,0,0.0674,60,NS_PRIORITY
2.3,0,0.0693,0,NS_PRIORITY
2.32,0,0.0713,0,NS_PRIORITY
2.33,0,0.0731,0,NS_PRIORITY
2.35,0,0.0749,0,NS_PRIORITY
2.37,0,0.0769,0,NS_PRIORITY
2.38,0,0.0787,0,NS_PRIORITY
2.4,0,0.0806,0,NS_PRIORITY
2.42,0,0.0826,0,NS_PRIORITY
2.43,0,0.0846,0,NS_PRIORITY
2.45,0,0.0863,0,NS_PRIORITY
2.47,0,0.0881,0,NS_PRIORITY
2.48,0,0.0901,0,NS_PRIORITY
2.5,0,0.092,0,NS_PRIORITY
2.52,0,0.0939,0,NS_PRIORITY
2.53,0,0.0957,0,NS_PRIORITY
2.55,0,0.0977,0,NS_PRIORITY
2.57,0,0.0997,0,NS_PRIORITY
2.58,0,0.1016,0,NS_PRIORITY
2.6,1,0.1033,0,NS_PRIORITY
2.62,1,0.1051,0,NS_PRIORITY
2.63,1,0.107,0,NS_PRIORITY
2.65,1,0.109,0,NS_PRIORITY
2.67,1,0.1116,0,NS_PRIORITY
2.68,1,0.1134,0,NS_PRIORITY
2.7,1,0.1152,0,NS_PRIORITY
2.72,2,0.1171,0,NS_PRIORITY
2.73,2,0.119,0,NS_PRIORITY
2.75,2,0.1208,0,NS_PRIORITY
2.77,2,0.1228,0,NS_PRIORITY
2.78,2,0.1248,0,NS_PRIORITY
2.8,2,0.1268,0,NS_PRIORITY
2.82,2,0.1287,0,NS_PRIORITY
2.83,2,0.1306,0,PED_RED
2.85,2,0.1324,0,PED_RED
2.87,2,0.1356,0,PED_RED
2.88,2,0.1384,0,PED_RED
2.9,2,0.1451,0,PED_RED
2.92,2,0.1536,0,PED_RED
2.93,2,0.1626,0,PED_RED
2.95,2,0.1716,0,PED_RED
2.97,2,0.1832,0,PED_RED
2.98,2,0.1941,0,PED_RED
3.0,2,0.207,0,PED_RED
3.02,2,0.2179,0,PED_RED
3.03,2,0.2282,0,PED_RED
3.05,2,0.2396,0,PED_RED
3.07,2,0.2511,0,PED_RED
3.08,2,0.2632,0,PED_RED
3.1,2,0.2754,0,PED_RED
3.12,2,0.2875,0,PED_RED
3.13,2,0.3018,0,PED_RED
3.15,2,0.3164,0,PED_RED
3.17,2,0.3326,0,PED_RED
3.18,2,0.3498,60,PED_RED
3.2,2,0.3686,0,PED_RED
3.22,2,0.3841,0,PED_RED
3.23,2,0.4021,0,PED_RED
3.25,2,0.4201,0,PED_RED
3.27,2,0.4381,0,PED_RED
3.28,2,0.4535,0,PED_RED
3.3,2,0.4715,0,PED_RED
3.32,2,0.4901,0,PED_RED
3.33,2,0.5077,0,PED_RED
3.35,2,0.5263,0,PED_RED
3.37,2,0.5476,0,PED_RED
3.38,2,0.5671,0,PED_RED
3.4,2,0.5857,0,PED_RED
3.42,2,0.6071,0,PED_RED
3.43,2,0.6238,0,PED_RED
3.45,2,0.6386,0,PED_RED
3.47,2,0.6563,0,PED_RED
3.48,2,0.6758,0,PED_RED
3.5,2,0.6944,0,PED_RED
3.52,2,0.712,0,PED_RED
3.53,2,0.7269,0,PED_RED
3.55,2,0.7426,0,PED_RED
3.57,2,0.7575,0,PED_RED
3.58,2,0.7724,0,PED_RED
3.6,2,0.7891,0,PED_RED
3.62,2,0.8049,0,PED_RED
3.63,2,0.8206,0,PED_RED
3.65,2,0.8383,0,PED_RED
3.67,2,0.8583,0,PED_RED
3.68,2,0.8763,0,PED_RED
3.7,2,0.8933,0,PED_RED
3.72,2,0.9133,0,PED_RED
3.73,2,0.9333,0,PED_RED
3.75,2,0.9523,0,PED_RED
3.77,2,0.9733,0,PED_RED
3.78,2,0.9933,0,PED_RED
3.8,2,1.0133,0,PED_RED
3.82,2,1.0313,0,PED_RED
3.83,2,1.0503,0,PED_RED
3.85,2,1.0703,0,PED_RED
3.87,2,1.0903,0,PED_RED
3.88,2,1.1113,0,PED_RED
3.9,2,1.1323,0,PED_RED
3.92,2,1.1523,0,PED_RED
3.93,2,1.1703,0,PED_RED
3.95,2,1.1913,0,PED_RED
3.97,2,1.2123,0,PED_RED
3.98,2,1.2333,0,PED_RED
4.0,2,1.2523,0,PED_RED
4.02,2,1.2733,0,PED_RED
4.03,2,1.2913,0,PED_RED
4.05,2,1.3103,0,PED_RED
4.07,2,1.3263,0,PED_RED
4.08,2,1.3473,0,PED_RED
4.1,2,1.3663,0,PED_RED
4.12,2,1.3853,0,PED_RED
4.13,2,1.4013,0,PED_RED
4.15,2,1.4193,0,PED_RED
4.17,2,1.4363,0,PED_RED
4.18,2,1.4533,0,PED_RED
4.2,2,1.4703,0,PED_RED
4.22,2,1.4873,0,PED_RED
4.23,2,1.5043,0,PED_RED
4.25,2,1.5213,0,PED_RED
4.27,2,1.5373,0,PED_RED
4.28,2,1.5543,0,PED_RED
4.3,2,1.5713,0,PED_RED
4.32,2,1.5873,0,PED_RED
4.33,2,1.6123,0,PED_RED
4.35,2,1.6343,0,PED_RED
4.37,2,1.6543,0,PED_RED
4.38,2,1.6763,0,PED_RED
4.4,2,1.6973,0,PED_RED
4.42,2,1.7183,0,PED_RED
4.43,2,1.7423,0,PED_RED
4.45,2,1.7603,0,PED_RED
4.47,2,1.7813,0,PED_RED
4.48,2,1.8033,0,PED_RED
4.5,2,1.8213,0,PED_RED
4.52,2,1.8403,0,PED_RED
4.53,2,1.8613,0,PED_RED
4.55,2,1.8823,0,PED_RED
4.57,2,1.9043,0,PED_RED
4.58,2,1.9223,0,PED_RED
4.6,2,1.9423,0,PED_RED
4.62,2,1.9613,0,PED_RED
4.63,2,1.9793,0,PED_RED
4.65,2,1.9963,0,PED_RED
4.67,2,2.0133,0,PED_RED
4.68,2,2.0313,0,PED_RED
4.7,2,2.0543,0,PED_RED
4.72,2,2.0773,0,PED_RED
4.73,2,2.0943,0,PED_RED
4.75,2,2.1113,0,PED_RED
4.77,2,2.1283,0,PED_RED
4.78,2,2.1443,0,PED_RED
4.8,2,2.1613,0,PED_RED
4.82,2,2.1783,0,PED_RED
4.83,2,2.1943,0,PED_RED
4.85,2,2.2103,0,PED_RED
4.87,2,2.2263,0,PED_RED
4.88,2,2.2433,0,PED_RED
4.9,2,2.2603,0,PED_RED
4.92,2,2.2773,0,PED_RED
4.93,2,2.2973,0,PED_RED
4.95,2,2.3203,0,PED_RED
4.97,2,2.3403,0,PED_RED
4.98,2,2.3573,0,PED_RED
5.0,2,2.3743,0,PED_RED
5.02,2,2.3933,0,PED_RED
5.03,2,2.4123,0,PED_RED
5.05,2,2.4313,0,PED_RED
5.07,2,2.4533,0,PED_RED
5.08,2,2.4743,0,PED_RED
5.1,2,2.4933,0,PED_RED
5.12,2,2.5133,0,PED_RED
5.13,2,2.5303,0,PED_RED
5.15,2,2.5503,0,PED_RED
5.17,2,2.5703,0,PED_RED
5.18,2,2.5903,0,PED_RED
5.2,2,2.6113,0,PED_RED
5.22,2,2.6313,0,PED_RED
5.23,2,2.6533,0,PED_RED
5.25,2,2.6753,0,PED_RED
5.27,2,2.6923,0,PED_RED
5.28,2,2.7093,0,PED_RED
5.3,2,2.7283,0,PED_RED
5.32,2,2.7463,0,PED_RED
5.33,2,2.7653,0,PED_RED
5.35,2,2.7813,0,PED_RED
5.37,2,2.7973,0,PED_RED
5.38,2,2.8143,0,PED_RED
5.4,2,2.8303,0,PED_RED
5.42,2,2.8463,0,PED_RED
5.43,2,2.8623,0,PED_RED
5.45,2,2.8803,0,PED_RED
5.47,2,2.8973,0,PED_RED
5.48,2,2.9143,0,PED_RED
5.5,2,2.9303,0,PED_RED
5.52,2,2.9463,0,PED_RED
5.53,2,2.9633,0,PED_RED
5.55,2,2.9823,0,PED_RED
5.57,2,3.0053,0,PED_RED
5.58,2,3.0263,0,PED_RED
5.6,2,3.0453,0,PED_RED
5.62,2,3.0653,0,PED_RED
5.63,2,3.0863,0,PED_RED
5.65,2,3.1063,0,PED_RED
5.67,2,3.1283,0,PED_RED
5.68,2,3.1493,0,PED_RED
5.7,2,3.1703,0,PED_RED
5.72,2,3.1903,0,PED_RED
5.73,2,3.2093,0,PED_RED
5.75,2,3.2253,0,PED_RED
5.77,2,3.2413,0,PED_RED
5.78,2,3.2573,0,PED_RED
5.8,2,3.2733,0,PED_RED
5.82,2,3.2893,0,PED_RED
5.83,2,3.3073,0,PED_RED
5.85,2,3.3253,0,PED_RED
5.87,2,3.3423,0,PED_RED
5.88,2,3.3583,0,PED_RED
5.9,2,3.3753,0,PED_RED
5.92,2,3.3913,0,PED_RED
5.93,2,3.4083,0,PED_RED
5.95,2,3.4253,0,PED_RED
5.97,2,3.4423,0,PED_RED
5.98,2,3.4583,0,PED_RED
6.0,2,3.4753,0,PED_RED
6.02,2,3.4923,0,PED_RED
6.03,2,3.5093,0,PED_RED
6.05,2,3.5263,0,PED_RED
6.07,2,3.5433,0,PED_RED
6.08,2,3.5603,0,PED_RED
6.1,2,3.5773,0,PED_RED
6.12,2,3.5933,0,PED_RED
6.13,2,3.6103,0,PED_RED
6.15,2,3.6273,0,PED_RED
6.17,2,3.6443,0,PED_RED
6.18,2,3.6613,0,PED_RED
6.2,2,3.6773,0,PED_RED
6.22,2,3.6943,0,PED_RED
6.23,2,3.7113,0,PED_RED
6.25,2,3.7273,0,PED_RED
6.27,2,3.7433,0,PED_RED
6.28,2,3.7603,0,PED_RED
6.3,2,3.7763,0,PED_RED
6.32,2,3.7923,0,PED_RED
6.33,2,3.8093,0,PED_RED
6.35,2,3.8253,0,PED_RED
6.37,2,3.8423,0,PED_RED
6.38,2,3.8583,0,PED_RED
6.4,2,3.8743,0,PED_RED
6.42,2,3.8913,0,PED_RED
6.43,2,3.9073,0,PED_RED
6.45,2,3.9233,0,PED_RED
6.47,2,3.9403,0,PED_RED
6.48,2,3.9563,0,PED_RED
6.5,2,3.9723,0,PED_RED
6.52,2,3.9883,0,PED_RED
6.53,2,4.0043,0,PED_RED
6.55,2,4.0223,0,PED_RED
6.57,2,4.0383,0,PED_RED
6.58,2,4.0543,0,PED_RED
6.6,2,4.0713,0,PED_RED
6.62,2,4.0883,0,PED_RED
6.63,2,4.1063,0,PED_RED
6.65,2,4.1243,0,PED_RED
6.67,2,4.1403,0,PED_RED
6.68,2,4.1563,0,PED_RED
6.7,2,4.1733,0,PED_RED
6.72,2,4.1903,0,PED_RED
6.73,2,4.2063,0,PED_RED
6.75,2,4.2223,0,PED_RED
6.77,2,4.2403,0,PED_RED
6.78,2,4.2573,0,PED_RED
6.8,2,4.2743,0,PED_RED
6.82,2,4.2913,0,PED_RED
6.83,2,4.3093,0,PED_RED
6.85,2,4.3263,0,PED_RED
6.87,2,4.3433,0,PED_RED
6.88,2,4.3593,0,PED_RED
6.9,2,4.3753,0,PED_RED
6.92,2,4.3913,0,PED_RED
6.93,2,4.4073,0,PED_RED
6.95,2,4.4233,0,PED_RED
6.97,2,4.4413,0,PED_RED
6.98,2,4.4583,0,PED_RED
7.0,2,4.4743,0,PED_RED
7.02,2,4.4913,0,PED_RED
7.03,2,4.5073,0,PED_RED
7.05,2,4.5233,0,PED_RED
7.07,2,4.5393,0,PED_RED
7.08,2,4.5553,0,PED_RED
7.1,2,4.5723,0,PED_RED
7.12,2,4.5893,0,PED_RED
7.13,2,4.6053,0,PED_RED
7.15,2,4.6223,0,PED_RED
7.17,2,4.6393,0,PED_RED
7.18,2,4.6553,0,PED_RED
7.2,2,4.6713,0,PED_RED
7.22,2,4.6873,0,PED_RED
7.23,2,4.7033,0,PED_RED
7.25,2,4.7203,0,PED_RED
7.27,2,4.7373,0,PED_RED
7.28,2,4.7533,0,PED_RED
7.3,2,4.7703,0,PED_RED
7.32,2,4.7863,0,PED_RED
7.33,2,4.8023,0,PED_RED
7.35,2,4.8193,0,PED_RED
7.37,2,4.8363,0,PED_RED
7.38,2,4.8543,0,PED_RED
7.4,2,4.8713,0,PED_RED
7.42,2,4.8883,0,PED_RED
7.43,2,4.9043,0,PED_RED
7.45,2,4.9203,0,PED_RED
7.47,2,4.9373,0,PED_RED
7.48,2,4.9553,0,PED_RED
7.5,2,4.9723,0,PED_RED
7.52,2,4.9893,0,PED_RED
7.53,2,5.0053,0,PED_RED
7.55,2,5.0223,0,PED_RED
7.57,2,5.0393,0,PED_RED
7.58,2,5.0563,0,PED_RED
7.6,2,5.0733,0,PED_RED
7.62,2,5.0913,0,PED_RED
7.63,2,5.1083,0,PED_RED
7.65,2,5.1253,0,PED_RED
7.67,2,5.1423,0,PED_RED
7.68,2,5.1583,0,PED_RED
7.7,2,5.1793,0,PED_RED
7.72,2,5.1963,0,PED_RED
7.73,2,5.2133,0,PED_RED
7.75,2,5.2313,0,PED_RED
7.77,2,5.2483,0,PED_RED
7.78,2,5.2643,0,PED_RED
7.8,2,5.2813,0,PED_RED
7.82,2,5.2973,0,PED_RED
7.83,2,5.3133,0,PED_RED
7.85,2,5.3303,0,PED_RED
7.87,2,5.3463,0,PED_RED
7.88,2,5.3633,0,PED_RED
7.9,2,5.3793,0,PED_RED
7.92,2,5.3953,0,PED_RED
7.93,2,5.4143,0,PED_RED
7.95,2,5.4323,0,PED_RED
7.97,2,5.4513,0,PED_RED
7.98,2,5.4693,0,PED_RED
8.0,2,5.4853,0,PED_RED
8.02,2,5.5023,0,PED_RED
8.03,2,5.5193,0,PED_RED
8.05,2,5.5353,0,PED_RED
8.07,2,5.5533,0,PED_RED
8.08,2,5.5703,0,PED_RED
8.1,2,5.5863,0,PED_RED
8.12,2,5.6023,0,PED_RED
8.13,2,5.6193,0,PED_RED
8.15,2,5.6363,0,PED_RED
8.17,2,5.6523,0,PED_RED
8.18,2,5.6703,0,PED_RED
8.2,2,5.6873,0,PED_RED
8.22,2,5.7043,0,PED_RED
8.23,2,5.7203,0,PED_RED
8.25,2,5.7363,0,PED_RED
8.27,2,5.7543,0,PED_RED
8.28,2,5.7703,0,PED_RED
8.3,2,5.7883,0,PED_RED
8.32,2,5.8053,0,PED_RED
8.33,2,5.8213,0,PED_RED
8.35,2,5.8413,0,PED_RED
8.37,2,5.8573,0,PED_RED
8.38,2,5.8743,0,PED_RED
8.4,2,5.8933,0,PED_RED
8.42,2,5.9093,0,PED_RED
8.43,2,5.9253,0,NS_PRIORITY
8.45,2,5.9413,0,NS_PRIORITY
8.47,2,5.9583,0,NS_PRIORITY
8.48,2,5.9753,0,NS_PRIORITY
8.5,2,5.9802,0,NS_PRIORITY
8.52,2,5.9852,0,NS_PRIORITY
8.53,2,5.9908,0,NS_PRIORITY
8.55,2,5.996,0,NS_PRIORITY
8.57,2,6.0013,0,NS_PRIORITY
8.58,3,6.0072,0,NS_PRIORITY
8.6,3,6.0124,0,NS_PRIORITY
8.62,3,6.0177,0,NS_PRIORITY
8.63,3,6.0226,0,NS_PRIORITY
8.65,3,6.0276,0,NS_PRIORITY
8.67,4,6.0332,0,NS_PRIORITY
8.68,4,6.04,0,NS_PRIORITY
8.7,4,6.0455,0,NS_PRIORITY
8.72,4,6.0508,0,NS_PRIORITY
8.73,4,6.0564,0,NS_PRIORITY
8.75,4,6.0613,0,NS_PRIORITY
8.77,4,6.0642,0,NS_PRIORITY
8.78,4,6.067,0,NS_PRIORITY
8.8,4,6.0697,0,NS_PRIORITY
8.82,4,6.0725,0,NS_PRIORITY
8.83,4,6.0753,0,NS_PRIORITY
8.85,4,6.078,0,NS_PRIORITY
8.87,4,6.0808,0,NS_PRIORITY
8.88,4,6.0835,0,NS_PRIORITY
8.9,4,6.0863,0,NS_PRIORITY
8.92,4,6.089,0,NS_PRIORITY
8.93,4,6.0918,0,NS_PRIORITY
8.95,4,6.0947,0,NS_PRIORITY
8.97,4,6.0973,60,NS_PRIORITY
8.98,4,5.705,0,NS_PRIORITY
9.0,4,5.7077,0,NS_PRIORITY
9.02,4,5.7105,0,NS_PRIORITY
9.03,4,5.7132,0,NS_PRIORITY
9.05,4,5.7159,0,NS_PRIORITY
9.07,4,5.7187,0,NS_PRIORITY
9.08,4,5.7214,0,NS_PRIORITY
9.1,4,5.724,0,NS_PRIORITY
9.12,4,5.7267,0,NS_PRIORITY
9.13,5,5.7295,0,NS_PRIORITY
9.15,5,5.7322,0,NS_PRIORITY
9.17,5,5.735,0,NS_PRIORITY
9.18,5,5.7379,0,NS_PRIORITY
9.2,5,5.7407,0,NS_PRIORITY
9.22,5,5.7434,0,NS_PRIORITY
9.23,5,5.7462,0,NS_PRIORITY
9.25,5,5.749,0,NS_PRIORITY
9.27,5,5.7519,0,NS_PRIORITY
9.28,5,5.7545,0,NS_PRIORITY
9.3,5,5.7574,0,NS_PRIORITY
9.32,5,5.7604,0,NS_PRIORITY
9.33,5,5.7639,0,NS_PRIORITY
9.35,4,5.7674,0,NS_PRIORITY
9.37,4,5.7712,0,NS_PRIORITY
9.38,4,5.7747,0,NS_PRIORITY
9.4,4,5.7787,0,NS_PRIORITY
9.42,4,5.7823,0,NS_PRIORITY
9.43,4,5.7861,0,NS_PRIORITY
9.45,4,5.7899,0,NS_PRIORITY
9.47,3,5.7934,0,NS_PRIORITY
9.48,3,5.7972,0,NS_PRIORITY
9.5,3,5.8007,0,NS_PRIORITY
9.52,3,5.8043,0,NS_PRIORITY
9.53,3,5.8079,0,NS_PRIORITY
9.55,3,5.8114,0,NS_PRIORITY
9.57,3,5.8152,0,NS_PRIORITY
9.58,3,5.8187,0,NS_PRIORITY
9.6,3,5.8223,0,NS_PRIORITY
9.62,3,5.8261,0,NS_PRIORITY
9.63,3,5.8299,0,NS_PRIORITY
9.65,3,5.8334,0,NS_PRIORITY
9.67,3,5.8374,0,NS_PRIORITY
9.68,3,5.8412,0,NS_PRIORITY
9.7,3,5.8447,0,NS_PRIORITY
9.72,3,5.8487,0,NS_PRIORITY
9.73,3,5.8523,0,NS_PRIORITY
9.75,3,5.8559,0,NS_PRIORITY
9.77,3,5.8596,0,NS_PRIORITY
9.78,3,5.8632,0,NS_PRIORITY
9.8,3,5.867,0,NS_PRIORITY
9.82,3,5.8707,0,NS_PRIORITY
9.83,3,5.8755,0,NS_PRIORITY
9.85,3,5.8799,0,NS_PRIORITY
9.87,3,5.8844,0,NS_PRIORITY
9.88,3,5.8891,0,NS_PRIORITY
9.9,2,5.8935,0,NS_PRIORITY
9.92,2,5.898,0,NS_PRIORITY
9.93,2,5.9024,0,NS_PRIORITY
9.95,2,5.9069,0,NS_PRIORITY
9.97,2,5.9119,0,NS_PRIORITY
9.98,2,5.9166,0,NS_PRIORITY
10.0,2,5.921,0,NS_PRIORITY
10.02,2,5.926,0,NS_PRIORITY
10.03,2,5.9305,0,NS_PRIORITY
10.05,2,5.9349,0,NS_PRIORITY
10.07,2,5.9394,0,NS_PRIORITY
10.08,2,5.9441,0,NS_PRIORITY
10.1,2,5.9485,0,NS_PRIORITY
10.12,3,5.953,0,NS_PRIORITY
10.13,3,5.9577,0,NS_PRIORITY
10.15,3,5.9624,0,NS_PRIORITY
10.17,3,5.9669,0,NS_PRIORITY
10.18,4,5.9716,0,NS_PRIORITY
10.2,4,5.976,0,NS_PRIORITY
10.22,4,5.9805,0,NS_PRIORITY
10.23,4,5.9849,0,NS_PRIORITY
10.25,4,5.9896,0,NS_PRIORITY
10.27,4,5.9944,0,NS_PRIORITY
10.28,4,5.9988,0,NS_PRIORITY
10.3,4,6.0032,0,NS_PRIORITY
10.32,4,6.008,0,NS_PRIORITY
10.33,4,6.0124,0,NS_PRIORITY
10.35,4,6.0171,0,NS_PRIORITY
10.37,4,6.0216,0,NS_PRIORITY
10.38,4,6.0263,0,NS_PRIORITY
10.4,4,6.031,0,NS_PRIORITY
10.42,4,6.0355,0,NS_PRIORITY
10.43,4,6.0407,0,NS_PRIORITY
10.45,4,6.0452,0,NS_PRIORITY
10.47,4,6.0496,0,NS_PRIORITY
10.48,4,6.0544,0,NS_PRIORITY
10.5,4,6.0591,0,NS_PRIORITY
10.52,4,6.0635,0,NS_PRIORITY
10.53,4,6.0682,0,NS_PRIORITY
10.55,4,6.073,0,NS_PRIORITY
10.57,3,6.0777,0,NS_PRIORITY
10.58,3,6.0821,0,NS_PRIORITY
10.6,3,6.0869,0,NS_PRIORITY
10.62,3,6.0913,0,NS_PRIORITY
10.63,3,6.096,0,NS_PRIORITY
10.65,3,6.101,0,NS_PRIORITY
10.67,3,6.1057,0,NS_PRIORITY
10.68,3,6.1102,0,NS_PRIORITY
10.7,3,6.1149,0,NS_PRIORITY
10.72,3,6.1194,0,NS_PRIORITY
10.73,3,6.1238,0,NS_PRIORITY
10.75,3,6.1282,0,NS_PRIORITY
10.77,3,6.1327,0,NS_PRIORITY
10.78,3,6.1374,0,NS_PRIORITY
10.8,3,6.1421,0,NS_PRIORITY
10.82,3,6.1469,0,NS_PRIORITY
10.83,3,6.1513,0,NS_PRIORITY
10.85,3,6.1557,0,NS_PRIORITY
10.87,3,6.1605,0,NS_PRIORITY
10.88,3,6.1649,0,NS_PRIORITY
10.9,3,6.1694,0,NS_PRIORITY
10.92,3,6.1741,0,NS_PRIORITY
10.93,3,6.1785,0,NS_PRIORITY
10.95,3,6.183,0,NS_PRIORITY
10.97,2,6.1874,0,NS_PRIORITY
10.98,2,6.1924,0,NS_PRIORITY
11.0,2,6.1969,0,NS_PRIORITY
11.02,2,6.2013,0,NS_PRIORITY
11.03,2,6.2057,0,NS_PRIORITY
11.05,1,6.2102,0,NS_PRIORITY
11.07,1,6.2146,0,NS_PRIORITY
11.08,1,6.2194,0,NS_PRIORITY
11.1,1,6.2241,0,NS_PRIORITY
11.12,1,6.2285,0,NS_PRIORITY
11.13,1,6.233,0,NS_PRIORITY
11.15,1,6.2374,0,NS_PRIORITY
11.17,1,6.2424,0,NS_PRIORITY
11.18,1,6.2471,0,NS_PRIORITY
11.2,1,6.2516,0,NS_PRIORITY
11.22,1,6.2563,0,NS_PRIORITY
11.23,1,6.2616,0,NS_PRIORITY
11.25,1,6.2673,0,NS_PRIORITY
11.27,1,6.2726,0,NS_PRIORITY
11.28,1,6.2783,0,NS_PRIORITY
11.3,1,6.284,0,NS_PRIORITY
11.32,1,6.29,0,NS_PRIORITY
11.33,1,6.2956,0,NS_PRIORITY
11.35,1,6.301,0,NS_PRIORITY
11.37,1,6.3063,0,NS_PRIORITY
11.38,1,6.3116,0,NS_PRIORITY
11.4,1,6.317,0,NS_PRIORITY
11.42,1,6.3223,0,NS_PRIORITY
11.43,1,6.328,0,NS_PRIORITY
11.45,1,6.334,0,NS_PRIORITY
11.47,1,6.3393,0,NS_PRIORITY
11.48,1,6.345,0,NS_PRIORITY
11.5,1,6.3506,0,NS_PRIORITY
11.52,1,6.3563,0,NS_PRIORITY
11.53,1,6.3616,0,NS_PRIORITY
11.55,1,6.3673,0,NS_PRIORITY
11.57,1,6.3726,60,NS_PRIORITY
11.58,1,5.9492,0,NS_PRIORITY
11.6,1,5.9545,0,NS_PRIORITY
11.62,1,5.9598,0,NS_PRIORITY
11.63,1,5.9652,0,NS_PRIORITY
11.65,1,5.9705,60,NS_PRIORITY
11.67,1,5.5473,0,NS_PRIORITY
11.68,1,5.5527,0,NS_PRIORITY
11.7,1,5.5583,0,NS_PRIORITY
11.72,1,5.5637,0,NS_PRIORITY
11.73,1,5.5697,0,NS_PRIORITY
11.75,1,5.575,0,NS_PRIORITY
11.77,1,5.5807,0,NS_PRIORITY
11.78,1,5.586,0,NS_PRIORITY
11.8,1,5.5913,0,NS_PRIORITY
11.82,1,5.5967,0,NS_PRIORITY
11.83,1,5.6023,0,NS_PRIORITY
11.85,2,5.6077,0,NS_PRIORITY
11.87,2,5.6133,0,NS_PRIORITY
11.88,2,5.6187,0,NS_PRIORITY
11.9,2,5.624,0,NS_PRIORITY
11.92,2,5.6297,0,NS_PRIORITY
11.93,2,5.635,0,NS_PRIORITY
11.95,2,5.6403,0,NS_PRIORITY
11.97,2,5.6457,0,NS_PRIORITY
11.98,2,5.651,0,NS_PRIORITY
12.0,2,5.6567,0,NS_PRIORITY
12.02,2,5.662,0,NS_PRIORITY
12.03,2,5.6683,60,NS_PRIORITY
12.05,2,5.2574,60,NS_PRIORITY
12.07,2,4.8958,0,NS_PRIORITY
12.08,2,4.9011,0,NS_PRIORITY
12.1,2,4.9068,0,NS_PRIORITY
12.12,2,4.9121,0,NS_PRIORITY
12.13,2,4.9174,0,NS_PRIORITY
12.15,2,4.9231,0,NS_PRIORITY
12.17,2,4.9291,0,NS_PRIORITY
12.18,2,4.9344,0,NS_PRIORITY
12.2,3,4.9398,0,NS_PRIORITY
12.22,3,4.9451,0,NS_PRIORITY
12.23,3,4.9508,0,NS_PRIORITY
12.25,3,4.9561,0,NS_PRIORITY
12.27,3,4.9614,0,NS_PRIORITY
12.28,3,4.9668,0,NS_PRIORITY
12.3,3,4.973,0,NS_PRIORITY
12.32,3,4.9792,0,NS_PRIORITY
12.33,3,4.9863,0,NS_PRIORITY
12.35,3,4.9934,0,NS_PRIORITY
12.37,3,5.001,0,NS_PRIORITY
12.38,3,5.0086,0,NS_PRIORITY
12.4,3,5.0161,0,NS_PRIORITY
12.42,3,5.0237,0,NS_PRIORITY
12.43,3,5.0308,0,NS_PRIORITY
12.45,4,5.0383,0,NS_PRIORITY
12.47,4,5.0454,0,NS_PRIORITY
12.48,4,5.0534,0,NS_PRIORITY
12.5,4,5.0619,0,NS_PRIORITY
12.52,4,5.0699,0,NS_PRIORITY
12.53,4,5.0799,0,NS_PRIORITY
12.55,4,5.0889,0,NS_PRIORITY
12.57,4,5.0969,0,NS_PRIORITY
12.58,4,5.1049,0,NS_PRIORITY
12.6,4,5.1134,0,NS_PRIORITY
12.62,4,5.1214,0,NS_PRIORITY
12.63,4,5.1304,0,NS_PRIORITY
12.65,2,5.1384,0,NS_PRIORITY
12.67,2,5.1469,0,NS_PRIORITY
12.68,2,5.1549,0,NS_PRIORITY
12.7,2,5.1639,0,NS_PRIORITY
12.72,2,5.1724,0,NS_PRIORITY
12.73,2,5.1804,0,NS_PRIORITY
12.75,2,5.1889,0,NS_PRIORITY
12.77,1,5.1974,0,NS_PRIORITY
12.78,1,5.2054,0,NS_PRIORITY
12.8,1,5.2134,0,NS_PRIORITY
12.82,1,5.2214,0,NS_PRIORITY
12.83,1,5.2299,0,NS_PRIORITY
12.85,1,5.2384,0,NS_PRIORITY
12.87,1,5.2464,0,NS_PRIORITY
12.88,1,5.2544,0,NS_PRIORITY
12.9,1,5.2629,0,NS_PRIORITY
12.92,1,5.2709,0,NS_PRIORITY
12.93,1,5.2789,0,NS_PRIORITY
12.95,1,5.2869,0,NS_PRIORITY
12.97,2,5.2949,0,NS_PRIORITY
12.98,2,5.3029,0,NS_PRIORITY
13.0,2,5.3114,0,NS_PRIORITY
13.02,2,5.3199,0,NS_PRIORITY
13.03,2,5.3284,0,NS_PRIORITY
13.05,2,5.3369,0,NS_PRIORITY
13.07,2,5.3449,0,NS_PRIORITY
13.08,2,5.3534,0,NS_PRIORITY
13.1,2,5.3619,0,NS_PRIORITY
13.12,2,5.3704,0,NS_PRIORITY
13.13,2,5.3784,0,NS_PRIORITY
13.15,2,5.3864,0,NS_PRIORITY
13.17,2,5.3944,0,NS_PRIORITY
13.18,2,5.4024,0,NS_PRIORITY
13.2,2,5.4104,0,NS_PRIORITY
13.22,2,5.4184,0,NS_PRIORITY
13.23,2,5.4269,0,NS_PRIORITY
13.25,2,5.4349,0,NS_PRIORITY
13.27,2,5.4429,0,NS_PRIORITY
13.28,2,5.4509,0,NS_PRIORITY
13.3,2,5.4589,0,NS_PRIORITY
13.32,2,5.4669,0,NS_PRIORITY
13.33,2,5.4749,0,NS_PRIORITY
13.35,2,5.4834,0,NS_PRIORITY
13.37,1,5.4914,0,NS_PRIORITY
13.38,1,5.4994,0,NS_PRIORITY
13.4,1,5.5074,0,NS_PRIORITY
13.42,1,5.5154,0,NS_PRIORITY
13.43,1,5.5234,0,NS_PRIORITY
13.45,1,5.5319,0,NS_PRIORITY
13.47,1,5.5399,0,NS_PRIORITY
13.48,1,5.5484,0,NS_PRIORITY
13.5,1,5.5569,0,NS_PRIORITY
13.52,1,5.5689,0,NS_PRIORITY
13.53,1,5.5774,0,NS_PRIORITY
13.55,1,5.5854,0,NS_PRIORITY
13.57,1,5.5944,0,NS_PRIORITY
13.58,1,5.6029,0,NS_PRIORITY
13.6,1,5.6109,0,NS_PRIORITY
13.62,1,5.6189,0,NS_PRIORITY
13.63,1,5.6274,0,NS_PRIORITY
13.65,1,5.6354,0,NS_PRIORITY
13.67,1,5.6434,0,NS_PRIORITY
13.68,1,5.6514,0,NS_PRIORITY
13.7,1,5.6594,0,NS_PRIORITY
13.72,1,5.6674,0,NS_PRIORITY
13.73,1,5.6759,0,NS_PRIORITY
13.75,1,5.6839,0,NS_PRIORITY
13.77,1,5.6924,0,NS_PRIORITY
13.78,1,5.7004,0,NS_PRIORITY
13.8,1,5.7084,0,NS_PRIORITY
13.82,1,5.7169,0,NS_PRIORITY
13.83,2,5.7249,0,NS_PRIORITY
13.85,2,5.7334,0,NS_PRIORITY
13.87,2,5.7419,0,NS_PRIORITY
13.88,2,5.7504,0,NS_PRIORITY
13.9,2,5.7589,0,NS_PRIORITY
13.92,2,5.7674,0,NS_PRIORITY
13.93,2,5.7754,0,NS_PRIORITY
13.95,2,5.7834,0,NS_PRIORITY
13.97,2,5.7919,0,NS_PRIORITY
13.98,2,5.7999,0,NS_PRIORITY
14.0,2,5.8084,0,NS_PRIORITY
14.02,2,5.8169,0,NS_PRIORITY
14.03,1,5.8254,0,NS_PRIORITY
14.05,1,5.8339,0,NS_PRIORITY
14.07,1,5.8419,0,NS_PRIORITY
14.08,1,5.8499,0,NS_PRIORITY
14.1,1,5.8599,0,NS_PRIORITY
14.12,1,5.8704,60,NS_PRIORITY
14.13,1,5.8794,0,NS_PRIORITY
14.15,1,5.8874,0,NS_PRIORITY
14.17,1,5.8954,0,NS_PRIORITY
14.18,1,5.9034,0,NS_PRIORITY
14.2,1,5.9119,0,NS_PRIORITY
14.22,1,5.9199,0,NS_PRIORITY
14.23,1,5.9279,0,NS_PRIORITY
14.25,1,5.9364,0,NS_PRIORITY
14.27,1,5.9444,0,NS_PRIORITY
14.28,1,5.9534,0,NS_PRIORITY
14.3,1,5.9619,0,NS_PRIORITY
14.32,1,5.9699,0,NS_PRIORITY
14.33,1,5.9779,0,NS_PRIORITY
14.35,1,5.9864,0,NS_PRIORITY
14.37,1,5.9944,0,NS_PRIORITY
14.38,1,6.0029,0,NS_PRIORITY
14.4,1,6.0114,0,NS_PRIORITY
14.42,1,6.0194,0,NS_PRIORITY
14.43,1,6.0274,0,NS_PRIORITY
14.45,1,6.0354,0,NS_PRIORITY
14.47,1,6.0434,0,NS_PRIORITY
14.48,1,6.0514,0,NS_PRIORITY
14.5,1,6.0594,0,NS_PRIORITY
14.52,1,6.0684,0,NS_PRIORITY
14.53,1,6.0769,0,NS_PRIORITY
14.55,1,6.0854,0,NS_PRIORITY
14.57,1,6.0934,0,NS_PRIORITY
14.58,1,6.1014,0,NS_PRIORITY
14.6,1,6.1099,0,NS_PRIORITY
14.62,1,6.1184,0,NS_PRIORITY
14.63,0,6.1269,0,NS_PRIORITY
14.65,0,6.1354,0,NS_PRIORITY
14.67,0,6.1434,0,NS_PRIORITY
14.68,0,6.1514,0,NS_PRIORITY
14.7,0,6.1594,0,NS_PRIORITY
14.72,0,6.1674,0,NS_PRIORITY
14.73,0,6.1764,0,NS_PRIORITY
14.75,0,6.1849,0,NS_PRIORITY
14.77,0,6.1929,0,NS_PRIORITY
14.78,0,6.2009,0,NS_PRIORITY
14.8,0,6.2094,0,NS_PRIORITY
14.82,0,6.2179,0,NS_PRIORITY
14.83,0,6.2264,0,NS_PRIORITY
14.85,0,6.2349,0,NS_PRIORITY
14.87,0,6.2434,0,NS_PRIORITY
14.88,0,6.2519,0,NS_PRIORITY
14.9,0,6.2599,0,NS_PRIORITY
14.92,0,6.2679,0,NS_PRIORITY
14.93,0,6.2769,0,NS_PRIORITY
14.95,0,6.2854,0,NS_PRIORITY
14.97,0,6.2934,0,NS_PRIORITY
14.98,0,6.3019,0,NS_PRIORITY
15.0,0,6.3099,0,NS_PRIORITY
15.02,0,6.3184,0,NS_PRIORITY
15.03,0,6.3269,0,NS_PRIORITY
15.05,0,6.3354,0,NS_PRIORITY
15.07,0,6.3434,0,NS_PRIORITY
15.08,0,6.3514,0,NS_PRIORITY
15.1,0,6.3594,0,NS_PRIORITY
15.12,0,6.3679,0,NS_PRIORITY
15.13,0,6.3759,0,NS_PRIORITY
15.15,0,6.3844,0,NS_PRIORITY
15.17,0,6.3924,0,NS_PRIORITY
15.18,0,6.4009,0,NS_PRIORITY
15.2,0,6.4094,0,NS_PRIORITY
15.22,0,6.4174,0,NS_PRIORITY
15.23,0,6.4254,0,NS_PRIORITY
15.25,0,6.4339,0,NS_PRIORITY
15.27,0,6.4419,0,NS_PRIORITY
15.28,0,6.4499,0,NS_PRIORITY
15.3,0,6.4579,0,NS_PRIORITY
15.32,0,6.4659,0,NS_PRIORITY
15.33,1,6.4739,0,NS_PRIORITY
15.35,1,6.4819,0,NS_PRIORITY
15.37,1,6.4899,0,NS_PRIORITY
15.38,1,6.4984,0,NS_PRIORITY
15.4,1,6.5069,0,NS_PRIORITY
15.42,1,6.5154,0,NS_PRIORITY
15.43,1,6.5239,0,NS_PRIORITY
15.45,1,6.5324,0,NS_PRIORITY
15.47,1,6.5404,0,NS_PRIORITY
15.48,1,6.5489,0,NS_PRIORITY
15.5,1,6.5569,0,NS_PRIORITY
15.52,1,6.5649,0,NS_PRIORITY
15.53,1,6.5744,0,NS_PRIORITY
15.55,1,6.5834,0,NS_PRIORITY
15.57,1,6.5914,0,NS_PRIORITY
15.58,1,6.5999,0,NS_PRIORITY
15.6,1,6.6079,0,NS_PRIORITY
15.62,1,6.6159,0,NS_PRIORITY
15.63,1,6.6244,0,NS_PRIORITY
15.65,1,6.6329,0,NS_PRIORITY
15.67,1,6.6409,0,NS_PRIORITY
15.68,1,6.6489,0,NS_PRIORITY
15.7,1,6.6569,0,NS_PRIORITY
15.72,1,6.6654,60,NS_PRIORITY
15.73,1,6.6734,0,NS_PRIORITY
15.75,1,6.6819,0,NS_PRIORITY
15.77,1,6.6899,0,NS_PRIORITY
15.78,1,6.6979,0,NS_PRIORITY
15.8,1,6.7064,0,NS_PRIORITY
15.82,1,6.7154,0,NS_PRIORITY
15.83,1,6.7234,0,NS_PRIORITY
15.85,1,6.7319,0,NS_PRIORITY
15.87,1,6.7399,0,NS_PRIORITY
15.88,0,6.7479,0,NS_PRIORITY
15.9,0,6.7559,0,NS_PRIORITY
15.92,0,6.7639,0,NS_PRIORITY
15.93,0,6.7724,0,NS_PRIORITY
15.95,0,6.7809,0,NS_PRIORITY
15.97,0,6.7894,0,NS_PRIORITY
15.98,0,6.7974,0,NS_PRIORITY
16.0,0,6.8054,0,NS_PRIORITY
16.02,0,6.8139,0,NS_PRIORITY
16.03,0,6.8219,0,NS_PRIORITY
16.05,0,6.8304,0,NS_PRIORITY
16.07,0,6.8384,0,NS_PRIORITY
16.08,0,6.8469,0,NS_PRIORITY
16.1,0,6.8549,0,NS_PRIORITY
16.12,0,6.8634,0,NS_PRIORITY
16.13,0,6.8719,0,NS_PRIORITY
16.15,0,6.8804,0,NS_PRIORITY
16.17,0,6.8889,0,NS_PRIORITY
16.18,0,6.8969,0,NS_PRIORITY
16.2,0,6.9059,0,NS_PRIORITY
16.22,0,6.9144,0,NS_PRIORITY
16.23,0,6.9224,0,NS_PRIORITY
16.25,0,6.9304,60,NS_PRIORITY
16.27,0,6.9389,0,NS_PRIORITY
16.28,0,6.9474,0,NS_PRIORITY
16.3,0,6.9554,0,NS_PRIORITY
16.32,0,6.9634,0,NS_PRIORITY
16.33,0,6.9714,0,NS_PRIORITY
16.35,0,6.9799,0,NS_PRIORITY
16.37,0,6.9879,0,NS_PRIORITY
16.38,0,6.9959,0,NS_PRIORITY
16.4,0,7.0039,0,NS_PRIORITY
16.42,0,7.0119,0,NS_PRIORITY
16.43,0,7.0199,0,NS_PRIORITY
16.45,0,7.0279,0,NS_PRIORITY
16.47,0,7.0364,0,NS_PRIORITY
16.48,0,7.0449,0,NS_PRIORITY
16.5,0,7.0529,0,NS_PRIORITY
16.52,0,7.0609,0,NS_PRIORITY
16.53,0,7.0689,0,NS_PRIORITY
16.55,0,7.0769,0,NS_PRIORITY
16.57,0,7.0859,0,NS_PRIORITY
16.58,0,7.0939,0,NS_PRIORITY
16.6,0,7.1019,0,NS_PRIORITY
16.62,0,7.1104,0,NS_YELLOW
16.63,0,7.1189,0,NS_YELLOW
16.65,0,7.1269,0,NS_YELLOW
16.67,0,7.1349,0,NS_YELLOW
16.68,0,7.1397,0,NS_YELLOW
16.7,0,7.1441,60,NS_YELLOW
16.72,0,7.1468,0,NS_YELLOW
16.73,0,7.1496,0,NS_YELLOW
16.75,0,7.1524,0,NS_YELLOW
16.77,0,7.1551,0,NS_YELLOW
16.78,0,7.156,0,NS_YELLOW
16.8,0,7.1569,0,NS_YELLOW
16.82,0,7.1578,0,NS_YELLOW
16.83,0,7.1587,0,NS_YELLOW
16.85,0,7.1596,0,NS_YELLOW
16.87,0,7.1596,0,NS_YELLOW
16.88,0,7.1596,0,NS_YELLOW
16.9,0,7.1596,0,NS_YELLOW
16.92,0,7.1596,0,NS_YELLOW
16.93,0,7.1596,0,NS_YELLOW
16.95,0,7.1596,0,NS_YELLOW
16.97,0,7.1596,0,NS_YELLOW
16.98,0,7.1596,0,NS_YELLOW
17.0,0,7.1596,0,NS_YELLOW
17.02,0,7.1596,0,NS_YELLOW
17.03,0,7.1596,0,NS_YELLOW
17.05,0,7.1596,0,NS_YELLOW
17.07,0,7.1596,0,NS_YELLOW
17.08,0,7.1596,0,NS_YELLOW
17.1,0,7.1596,0,NS_YELLOW
17.12,0,7.1596,0,NS_YELLOW
17.13,0,7.1596,0,NS_YELLOW
17.15,0,7.1596,0,NS_YELLOW
17.17,0,7.1596,0,NS_YELLOW
17.18,0,7.1596,0,NS_YELLOW
17.2,0,7.1596,60,NS_YELLOW
17.22,0,7.1596,0,NS_YELLOW
17.23,0,7.1596,0,NS_YELLOW
17.25,0,7.1596,0,NS_YELLOW
17.27,0,7.1596,0,NS_YELLOW
17.28,0,7.1596,0,NS_YELLOW
17.3,1,7.1596,0,NS_YELLOW
17.32,1,7.1596,0,NS_YELLOW
17.33,2,7.1596,0,NS_YELLOW
17.35,3,7.1596,0,NS_YELLOW
17.37,3,7.1596,0,NS_YELLOW
17.38,3,7.1596,0,NS_YELLOW
17.4,3,7.1596,0,NS_YELLOW
17.42,4,7.1596,0,NS_YELLOW
17.43,4,7.1596,0,NS_YELLOW
17.45,4,7.1596,0,NS_YELLOW
17.47,4,7.1596,60,NS_YELLOW
17.48,4,6.7331,60,NS_YELLOW
17.5,4,6.3066,0,NS_YELLOW
17.52,4,6.3066,0,NS_YELLOW
17.53,4,6.3085,0,NS_YELLOW
17.55,4,6.3112,0,NS_YELLOW
17.57,4,6.3156,0,NS_YELLOW
17.58,4,6.3192,0,NS_YELLOW
17.6,4,6.3229,0,NS_YELLOW
17.62,4,6.3267,0,NS_YELLOW
17.63,4,6.3303,0,NS_YELLOW
17.65,4,6.3338,60,NS_YELLOW
17.67,4,6.3374,0,NS_YELLOW
17.68,4,6.3409,0,NS_YELLOW
17.7,4,6.3445,0,NS_YELLOW
17.72,4,6.3483,0,NS_YELLOW
17.73,4,6.353,0,NS_YELLOW
17.75,4,6.358,0,NS_YELLOW
17.77,4,6.3627,0,NS_YELLOW
17.78,4,6.3674,0,NS_YELLOW
17.8,4,6.3724,0,NS_YELLOW
17.82,4,6.3783,0,NS_YELLOW
17.83,4,6.3839,0,NS_YELLOW
17.85,4,6.3892,0,NS_YELLOW
17.87,4,6.3952,0,NS_YELLOW
17.88,4,6.4018,0,NS_YELLOW
17.9,4,6.408,0,NS_YELLOW
17.92,4,6.4147,0,NS_YELLOW
17.93,4,6.4218,0,NS_YELLOW
17.95,4,6.4289,0,NS_YELLOW
17.97,4,6.436,0,NS_YELLOW
17.98,4,6.4431,0,NS_YELLOW
18.0,4,6.4507,0,NS_YELLOW
18.02,4,6.4597,0,NS_YELLOW
18.03,4,6.4682,0,NS_YELLOW
18.05,4,6.4767,0,NS_YELLOW
18.07,4,6.4852,0,NS_YELLOW
18.08,4,6.4942,0,NS_YELLOW
18.1,4,6.5027,0,NS_YELLOW
18.12,4,6.5112,0,NS_YELLOW
18.13,4,6.5192,0,NS_YELLOW
18.15,4,6.5272,0,NS_YELLOW
18.17,4,6.5357,0,NS_YELLOW
18.18,4,6.5442,0,NS_YELLOW
18.2,4,6.5522,0,NS_YELLOW
18.22,4,6.5602,0,NS_YELLOW
18.23,4,6.5687,0,NS_YELLOW
18.25,4,6.5772,0,NS_YELLOW
18.27,4,6.5852,0,NS_YELLOW
18.28,4,6.5942,0,NS_YELLOW
18.3,4,6.6022,0,NS_YELLOW
18.32,4,6.6102,0,NS_YELLOW
18.33,4,6.6182,0,NS_YELLOW
18.35,4,6.6272,0,NS_YELLOW
18.37,4,6.6357,0,NS_YELLOW
18.38,4,6.6442,0,NS_YELLOW
18.4,4,6.6522,0,NS_YELLOW
18.42,4,6.6602,0,NS_YELLOW
18.43,4,6.6682,0,NS_YELLOW
18.45,4,6.6762,0,NS_YELLOW
18.47,4,6.6842,0,NS_YELLOW
18.48,4,6.6922,0,NS_YELLOW
18.5,4,6.7002,0,NS_YELLOW
18.52,4,6.7082,0,NS_YELLOW
18.53,4,6.7162,0,NS_YELLOW
18.55,4,6.7252,0,NS_YELLOW
18.57,4,6.7332,0,NS_YELLOW
18.58,4,6.7412,0,NS_YELLOW
18.6,4,6.7492,0,NS_YELLOW
18.62,4,6.7577,0,NS_YELLOW
18.63,4,6.7657,0,NS_YELLOW
18.65,4,6.7742,0,NS_YELLOW
18.67,5,6.7822,0,NS_YELLOW
18.68,5,6.7902,0,NS_YELLOW
18.7,5,6.7982,0,NS_YELLOW
18.72,5,6.8062,0,NS_YELLOW
18.73,5,6.8142,0,NS_YELLOW
18.75,5,6.8222,0,NS_YELLOW
18.77,5,6.8307,0,NS_YELLOW
18.78,5,6.8387,0,NS_YELLOW
18.8,5,6.8467,0,NS_YELLOW
18.82,5,6.8547,0,NS_YELLOW
18.83,5,6.8632,0,NS_YELLOW
18.85,5,6.8712,0,EW_PRIORITY
18.87,5,6.8792,0,EW_PRIORITY
18.88,5,6.8877,0,EW_PRIORITY
18.9,5,6.8962,0,EW_PRIORITY
18.92,5,6.9033,0,EW_PRIORITY
18.93,5,6.9104,0,EW_PRIORITY
18.95,5,6.9166,0,EW_PRIORITY
18.97,5,6.9232,0,EW_PRIORITY
18.98,5,6.9298,0,EW_PRIORITY
19.0,5,6.936,0,EW_PRIORITY
19.02,5,6.9446,0,EW_PRIORITY
19.03,5,6.9527,0,EW_PRIORITY
19.05,5,6.9608,0,EW_PRIORITY
19.07,5,6.9694,0,EW_PRIORITY
19.08,5,6.9775,0,EW_PRIORITY
19.1,5,6.9851,0,EW_PRIORITY
19.12,5,6.9932,0,EW_PRIORITY
19.13,5,7.0013,0,EW_PRIORITY
19.15,5,7.0106,0,EW_PRIORITY
19.17,5,7.0199,0,EW_PRIORITY
19.18,5,7.0287,0,EW_PRIORITY
19.2,5,7.0374,0,EW_PRIORITY
19.22,5,7.0467,0,EW_PRIORITY
19.23,5,7.0555,0,EW_PRIORITY
19.25,5,7.0648,0,EW_PRIORITY
19.27,5,7.0741,0,EW_PRIORITY
19.28,5,7.0829,0,EW_PRIORITY
19.3,5,7.0922,0,EW_PRIORITY
19.32,5,7.101,0,EW_PRIORITY
19.33,5,7.1103,0,EW_PRIORITY
19.35,5,7.119,0,EW_PRIORITY
19.37,5,7.1289,0,EW_PRIORITY
19.38,5,7.135,0,EW_PRIORITY
19.4,5,7.1415,0,EW_PRIORITY
19.42,5,7.1467,0,EW_PRIORITY
19.43,5,7.1522,0,EW_PRIORITY
19.45,5,7.1574,0,EW_PRIORITY
19.47,5,7.1633,0,EW_PRIORITY
19.48,5,7.1681,0,EW_PRIORITY
19.5,5,7.1739,0,EW_PRIORITY
19.52,5,7.1797,0,EW_PRIORITY
19.53,5,7.1852,0,EW_PRIORITY
19.55,5,7.1906,0,EW_PRIORITY
19.57,5,7.1964,0,EW_PRIORITY
19.58,5,7.2036,0,EW_PRIORITY
19.6,5,7.2082,0,EW_PRIORITY
19.62,5,7.2127,0,EW_PRIORITY
19.63,5,7.2176,0,EW_PRIORITY
19.65,5,7.2222,0,EW_PRIORITY
19.67,5,7.2279,0,EW_PRIORITY
19.68,5,7.2336,0,EW_PRIORITY
19.7,5,7.2393,0,EW_PRIORITY
19.72,5,7.245,0,EW_PRIORITY
19.73,5,7.2507,0,EW_PRIORITY
19.75,5,7.2568,0,EW_PRIORITY
19.77,5,7.2625,0,EW_PRIORITY
19.78,5,7.2686,0,EW_PRIORITY
19.8,6,7.2747,0,EW_PRIORITY
19.82,6,7.2807,0,EW_PRIORITY
19.83,6,7.2865,0,EW_PRIORITY
19.85,6,7.2925,0,EW_PRIORITY
19.87,6,7.2986,0,EW_PRIORITY
19.88,6,7.305,0,EW_PRIORITY
19.9,6,7.3107,0,EW_PRIORITY
19.92,6,7.3176,0,EW_PRIORITY
19.93,6,7.3245,0,EW_PRIORITY
19.95,6,7.3313,0,EW_PRIORITY
19.97,6,7.3386,0,EW_PRIORITY
19.98,6,7.3459,0,EW_PRIORITY
20.0,6,7.3532,0,EW_PRIORITY
20.02,6,7.3605,0,EW_PRIORITY
20.03,6,7.3677,0,EW_PRIORITY
20.05,6,7.3755,0,EW_PRIORITY
20.07,6,7.3827,0,EW_PRIORITY
20.08,6,7.3896,0,EW_PRIORITY
20.1,6,7.3969,0,EW_PRIORITY
20.12,6,7.4042,0,EW_PRIORITY
20.13,6,7.4115,0,EW_PRIORITY
20.15,6,7.4183,0,EW_PRIORITY
20.17,6,7.4252,0,EW_PRIORITY
20.18,6,7.432,0,EW_PRIORITY
20.2,6,7.4393,0,EW_PRIORITY
20.22,6,7.4462,0,EW_PRIORITY
20.23,7,7.453,0,EW_PRIORITY
20.25,7,7.4599,0,EW_PRIORITY
20.27,7,7.4672,0,EW_PRIORITY
20.28,7,7.4745,0,EW_PRIORITY
20.3,7,7.4813,0,EW_PRIORITY
20.32,7,7.4886,0,EW_PRIORITY
20.33,5,7.4959,0,EW_PRIORITY
20.35,5,7.5027,0,EW_PRIORITY
20.37,5,7.5096,0,EW_PRIORITY
20.38,5,7.5165,0,EW_PRIORITY
20.4,5,7.5237,0,EW_PRIORITY
20.42,5,7.5306,0,EW_PRIORITY
20.43,5,7.5379,0,EW_PRIORITY
20.45,5,7.5452,0,EW_PRIORITY
20.47,5,7.5529,0,EW_PRIORITY
20.48,5,7.5597,0,EW_PRIORITY
20.5,5,7.5666,0,EW_PRIORITY
20.52,5,7.5735,0,EW_PRIORITY
20.53,5,7.5812,0,EW_PRIORITY
20.55,5,7.588,0,EW_PRIORITY
20.57,5,7.5953,0,EW_PRIORITY
20.58,5,7.6039,0,EW_PRIORITY
20.6,5,7.6107,0,EW_PRIORITY
20.62,5,7.6176,0,EW_PRIORITY
20.63,5,7.6253,0,EW_PRIORITY
20.65,5,7.633,0,EW_PRIORITY
20.67,5,7.6399,0,EW_PRIORITY
20.68,5,7.6472,0,EW_PRIORITY
20.7,5,7.654,0,EW_PRIORITY
20.72,5,7.6609,0,EW_PRIORITY
20.73,5,7.6677,0,EW_PRIORITY
20.75,5,7.6746,0,EW_PRIORITY
20.77,5,7.6815,0,EW_PRIORITY
20.78,5,7.6883,0,EW_PRIORITY
20.8,5,7.6956,0,EW_PRIORITY
20.82,5,7.7025,0,EW_PRIORITY
20.83,5,7.7093,0,EW_PRIORITY
20.85,6,7.7162,0,EW_PRIORITY
20.87,6,7.7235,0,EW_PRIORITY
20.88,6,7.7303,0,EW_PRIORITY
20.9,7,7.7372,0,EW_PRIORITY
20.92,7,7.744,0,EW_PRIORITY
20.93,7,7.7509,0,EW_PRIORITY
20.95,7,7.7582,0,EW_PRIORITY
20.97,7,7.7655,0,EW_PRIORITY
20.98,7,7.7723,0,EW_PRIORITY
21.0,7,7.7796,0,EW_PRIORITY
21.02,7,7.7865,0,EW_PRIORITY
21.03,7,7.7937,0,EW_PRIORITY
21.05,7,7.8006,0,EW_PRIORITY
21.07,7,7.8083,0,EW_PRIORITY
21.08,7,7.816,0,EW_PRIORITY
21.1,7,7.8229,0,EW_PRIORITY
21.12,7,7.8297,0,EW_PRIORITY
21.13,6,7.8366,0,EW_PRIORITY
21.15,6,7.8435,0,EW_PRIORITY
21.17,6,7.8503,0,EW_PRIORITY
21.18,6,7.8572,0,EW_PRIORITY
21.2,6,7.864,0,EW_PRIORITY
21.22,5,7.872,0,EW_PRIORITY
21.23,5,7.88,0,EW_PRIORITY
21.25,5,7.888,0,EW_PRIORITY
21.27,5,7.896,0,EW_PRIORITY
21.28,5,7.904,0,EW_PRIORITY
21.3,5,7.912,0,EW_PRIORITY
21.32,5,7.92,0,EW_PRIORITY
21.33,5,7.928,0,EW_PRIORITY
21.35,5,7.936,0,EW_PRIORITY
21.37,5,7.9445,0,EW_PRIORITY
21.38,5,7.953,0,EW_PRIORITY
21.4,5,7.961,0,EW_PRIORITY
21.42,5,7.9695,0,EW_PRIORITY
21.43,5,7.978,0,EW_PRIORITY
21.45,5,7.987,0,EW_PRIORITY
21.47,5,7.995,0,EW_PRIORITY
21.48,5,8.0035,0,EW_PRIORITY
21.5,5,8.0115,0,EW_PRIORITY
21.52,5,8.0195,0,EW_PRIORITY
21.53,5,8.028,0,EW_PRIORITY
21.55,5,8.0365,0,EW_PRIORITY
21.57,5,8.0445,0,EW_PRIORITY
21.58,6,8.0525,0,EW_PRIORITY
21.6,6,8.0605,0,EW_PRIORITY
21.62,6,8.0685,0,EW_PRIORITY
21.63,6,8.077,0,EW_PRIORITY
21.65,6,8.085,0,EW_PRIORITY
21.67,6,8.093,0,EW_PRIORITY
21.68,6,8.102,0,EW_PRIORITY
21.7,6,8.11,0,EW_PRIORITY
21.72,6,8.1185,0,EW_PRIORITY
21.73,6,8.1265,0,EW_PRIORITY
21.75,6,8.135,0,EW_PRIORITY
21.77,6,8.143,0,EW_PRIORITY
21.78,6,8.151,0,EW_PRIORITY
21.8,6,8.159,0,EW_PRIORITY
21.82,5,8.167,0,EW_PRIORITY
21.83,5,8.175,0,EW_PRIORITY
21.85,4,8.1835,0,EW_PRIORITY
21.87,4,8.1915,0,EW_PRIORITY
21.88,4,8.2,0,EW_PRIORITY
21.9,4,8.208,0,EW_PRIORITY
21.92,4,8.216,0,EW_PRIORITY
21.93,4,8.2245,0,EW_PRIORITY
21.95,4,8.233,0,EW_PRIORITY
21.97,4,8.241,0,EW_PRIORITY
21.98,4,8.2495,0,EW_PRIORITY
22.0,4,8.258,0,EW_PRIORITY
22.02,4,8.266,0,EW_PRIORITY
22.03,4,8.2775,0,EW_PRIORITY
22.05,4,8.2855,0,EW_PRIORITY
22.07,4,8.295,0,EW_PRIORITY
22.08,4,8.3035,0,EW_PRIORITY
22.1,4,8.312,0,EW_PRIORITY
22.12,4,8.32,0,EW_PRIORITY
22.13,4,8.3285,0,EW_PRIORITY
22.15,4,8.337,0,EW_PRIORITY
22.17,4,8.3455,0,EW_PRIORITY
22.18,4,8.354,0,EW_PRIORITY
22.2,4,8.362,0,EW_PRIORITY
22.22,4,8.37,0,EW_PRIORITY
22.23,4,8.3785,0,EW_PRIORITY
22.25,4,8.3865,0,EW_PRIORITY
22.27,4,8.3945,0,EW_PRIORITY
22.28,4,8.403,0,EW_PRIORITY
22.3,4,8.413,0,EW_PRIORITY
22.32,4,8.4219,0,EW_PRIORITY
22.33,4,8.4323,0,EW_PRIORITY
22.35,4,8.4421,0,EW_PRIORITY
22.37,4,8.4528,0,EW_PRIORITY
22.38,4,8.4634,0,EW_PRIORITY
22.4,4,8.4748,0,EW_PRIORITY
22.42,4,8.4854,0,EW_PRIORITY
22.43,4,8.4961,0,EW_PRIORITY
22.45,4,8.5068,0,EW_PRIORITY
22.47,4,8.5174,120,EW_PRIORITY
22.48,2,6.911,0,EW_PRIORITY
22.5,2,6.9223,0,EW_PRIORITY
22.52,2,6.9336,0,EW_PRIORITY
22.53,2,6.9443,0,EW_PRIORITY
22.55,2,6.9547,0,EW_PRIORITY
22.57,2,6.9645,0,EW_PRIORITY
22.58,2,6.9734,0,EW_PRIORITY
22.6,2,6.9828,0,EW_PRIORITY
22.62,2,6.9917,0,EW_PRIORITY
22.63,2,7.0011,0,EW_PRIORITY
22.65,2,7.0091,0,EW_PRIORITY
22.67,2,7.0171,0,EW_PRIORITY
22.68,2,7.0251,0,EW_PRIORITY
22.7,2,7.0336,0,EW_PRIORITY
22.72,2,7.0426,0,EW_PRIORITY
22.73,2,7.0506,0,EW_PRIORITY
22.75,2,7.0586,0,EW_PRIORITY
22.77,2,7.0671,0,EW_PRIORITY
22.78,2,7.0751,0,EW_PRIORITY
22.8,2,7.0831,0,EW_PRIORITY
22.82,2,7.0911,0,EW_PRIORITY
22.83,2,7.0991,0,EW_PRIORITY
22.85,2,7.1071,0,EW_PRIORITY
22.87,2,7.1161,0,EW_PRIORITY
22.88,2,7.1241,0,EW_PRIORITY
22.9,2,7.1321,0,EW_PRIORITY
22.92,2,7.1406,0,EW_PRIORITY
22.93,2,7.1496,0,EW_PRIORITY
22.95,2,7.1581,0,EW_PRIORITY
22.97,2,7.1661,0,EW_PRIORITY
22.98,2,7.1741,0,EW_PRIORITY
23.0,2,7.1826,0,EW_PRIORITY
23.02,2,7.1911,0,EW_PRIORITY
23.03,2,7.1991,0,EW_PRIORITY
23.05,2,7.2071,0,EW_PRIORITY
23.07,2,7.2151,0,EW_PRIORITY
23.08,2,7.2236,0,EW_PRIORITY
23.1,2,7.2321,0,EW_PRIORITY
23.12,2,7.2406,0,EW_PRIORITY
23.13,2,7.2486,0,EW_PRIORITY
23.15,2,7.2571,0,EW_PRIORITY
23.17,2,7.2661,0,EW_PRIORITY
23.18,2,7.2746,0,EW_PRIORITY
23.2,2,7.2831,0,EW_PRIORITY
23.22,2,7.2911,0,EW_PRIORITY
23.23,2,7.2996,0,EW_PRIORITY
23.25,2,7.3081,0,EW_PRIORITY
23.27,2,7.3161,0,EW_PRIORITY
23.28,3,7.3241,0,EW_PRIORITY
23.3,3,7.3326,0,EW_PRIORITY
23.32,3,7.3406,0,EW_PRIORITY
23.33,3,7.3486,0,EW_PRIORITY
23.35,3,7.3566,0,EW_PRIORITY
23.37,3,7.3646,0,EW_PRIORITY
23.38,3,7.3731,0,EW_PRIORITY
23.4,3,7.3816,0,EW_PRIORITY
23.42,3,7.3896,0,EW_YELLOW
23.43,3,7.3976,0,EW_YELLOW
23.45,3,7.4066,0,EW_YELLOW
23.47,3,7.4151,0,EW_YELLOW
23.48,3,7.4209,0,EW_YELLOW
23.5,3,7.4269,0,EW_YELLOW
23.52,3,7.4306,0,EW_YELLOW
23.53,3,7.4342,0,EW_YELLOW
23.55,3,7.4379,0,EW_YELLOW
23.57,3,7.4422,0,EW_YELLOW
23.58,3,7.4465,0,EW_YELLOW
23.6,3,7.4511,0,EW_YELLOW
23.62,3,7.4554,0,EW_YELLOW
23.63,3,7.46,0,EW_YELLOW
23.65,3,7.4646,0,EW_YELLOW
23.67,3,7.4692,0,EW_YELLOW
23.68,3,7.4747,0,EW_YELLOW
23.7,3,7.4802,0,EW_YELLOW
23.72,3,7.4858,0,EW_YELLOW
23.73,3,7.4923,0,EW_YELLOW
23.75,3,7.4975,0,EW_YELLOW
23.77,3,7.503,0,EW_YELLOW
23.78,3,7.5089,0,EW_YELLOW
23.8,3,7.5141,0,EW_YELLOW
23.82,3,7.5196,0,EW_YELLOW
23.83,4,7.5248,0,EW_YELLOW
23.85,4,7.53,0,EW_YELLOW
23.87,5,7.5355,0,EW_YELLOW
23.88,5,7.5407,0,EW_YELLOW
23.9,5,7.5463,0,EW_YELLOW
23.92,5,7.5515,0,EW_YELLOW
23.93,5,7.5567,0,EW_YELLOW
23.95,5,7.5619,0,EW_YELLOW
23.97,5,7.5674,0,EW_YELLOW
23.98,5,7.5726,0,EW_YELLOW
24.0,5,7.5778,0,EW_YELLOW
24.02,5,7.583,0,EW_YELLOW
24.03,5,7.5894,0,EW_YELLOW
24.05,5,7.5961,0,EW_YELLOW
24.07,5,7.6025,0,EW_YELLOW
24.08,5,7.6092,0,EW_YELLOW
24.1,6,7.6156,0,EW_YELLOW
24.12,6,7.6219,0,EW_YELLOW
24.13,6,7.6287,0,EW_YELLOW
24.15,6,7.635,0,EW_YELLOW
24.17,6,7.6425,0,EW_YELLOW
24.18,6,7.65,0,EW_YELLOW
24.2,6,7.6575,0,EW_YELLOW
24.22,6,7.6655,0,EW_YELLOW
24.23,6,7.673,0,EW_YELLOW
24.25,6,7.6805,0,EW_YELLOW
24.27,6,7.6889,0,EW_YELLOW
24.28,6,7.6968,0,EW_YELLOW
24.3,6,7.7048,0,EW_YELLOW
24.32,6,7.7128,0,EW_YELLOW
24.33,6,7.7214,0,EW_YELLOW
24.35,6,7.7311,0,EW_YELLOW
24.37,6,7.7397,0,EW_YELLOW
24.38,6,7.7484,0,EW_YELLOW
24.4,6,7.7576,0,EW_YELLOW
24.42,6,7.7671,0,EW_YELLOW
24.43,6,7.7772,0,EW_YELLOW
24.45,6,7.7873,0,EW_YELLOW
24.47,6,7.7968,0,EW_YELLOW
24.48,6,7.8064,0,EW_YELLOW
24.5,6,7.8159,0,EW_YELLOW
24.52,6,7.8272,0,EW_YELLOW
24.53,6,7.8379,0,EW_YELLOW
24.55,6,7.8486,0,EW_YELLOW
24.57,6,7.8592,0,EW_YELLOW
24.58,6,7.8699,0,EW_YELLOW
24.6,6,7.8806,0,EW_YELLOW
24.62,6,7.8919,0,EW_YELLOW
24.63,6,7.9026,0,EW_YELLOW
24.65,6,7.9132,0,EW_YELLOW
24.67,6,7.9239,0,EW_YELLOW
24.68,6,7.9352,0,EW_YELLOW
24.7,6,7.9459,60,EW_YELLOW
24.72,6,7.2345,0,EW_YELLOW
24.73,6,7.2458,0,EW_YELLOW
24.75,6,7.2578,0,EW_YELLOW
24.77,6,7.2692,0,EW_YELLOW
24.78,6,7.2805,0,EW_YELLOW
24.8,6,7.2912,0,EW_YELLOW
24.82,6,7.3025,0,EW_YELLOW
24.83,6,7.3132,0,EW_YELLOW
24.85,6,7.3238,0,EW_YELLOW
24.87,6,7.3358,60,EW_YELLOW
24.88,6,6.4574,0,EW_YELLOW
24.9,6,6.4681,0,EW_YELLOW
24.92,6,6.4788,0,EW_YELLOW
24.93,6,6.4901,0,EW_YELLOW
24.95,6,6.5048,0,EW_YELLOW
24.97,6,6.5154,0,EW_YELLOW
24.98,6,6.5261,0,EW_YELLOW
25.0,6,6.5374,0,EW_YELLOW
25.02,6,6.5456,0,EW_YELLOW
25.03,6,6.5528,0,EW_PRIORITY
25.05,6,6.5629,0,EW_PRIORITY
25.07,6,6.5725,0,EW_PRIORITY
25.08,6,6.5826,0,EW_PRIORITY
25.1,6,6.5933,0,EW_PRIORITY
25.12,6,6.6034,0,EW_PRIORITY
25.13,6,6.6135,0,EW_PRIORITY
25.15,6,6.6237,0,EW_PRIORITY
25.17,6,6.635,0,EW_PRIORITY
25.18,6,6.6457,0,EW_PRIORITY
25.2,6,6.6563,0,EW_PRIORITY
25.22,6,6.667,0,EW_PRIORITY
25.23,6,6.6783,0,EW_PRIORITY
25.25,6,6.6897,0,EW_PRIORITY
25.27,6,6.7003,0,EW_PRIORITY
25.28,6,6.7117,0,EW_PRIORITY
25.3,6,6.7223,0,EW_PRIORITY
25.32,6,6.733,0,EW_PRIORITY
25.33,6,6.7443,60,EW_PRIORITY
25.35,6,6.0889,0,EW_PRIORITY
25.37,6,6.0974,0,EW_PRIORITY
25.38,6,6.1054,0,EW_PRIORITY
25.4,6,6.1134,0,EW_PRIORITY
25.42,6,6.1214,0,EW_PRIORITY
25.43,6,6.1294,0,EW_PRIORITY
25.45,6,6.1379,0,EW_PRIORITY
25.47,6,6.1459,0,EW_PRIORITY
25.48,6,6.1539,0,EW_PRIORITY
25.5,6,6.1624,0,EW_PRIORITY
25.52,6,6.1704,0,EW_PRIORITY
25.53,6,6.1789,0,EW_PRIORITY
25.55,6,6.1889,0,EW_PRIORITY
25.57,6,6.1969,0,EW_PRIORITY
25.58,6,6.2049,0,EW_PRIORITY
25.6,6,6.2129,0,EW_PRIORITY
25.62,6,6.2214,0,EW_PRIORITY
25.63,6,6.2294,0,EW_PRIORITY
25.65,6,6.2389,0,EW_PRIORITY
25.67,6,6.2474,0,EW_PRIORITY
25.68,6,6.2554,0,EW_PRIORITY
25.7,6,6.2634,0,EW_PRIORITY
25.72,6,6.2714,0,EW_PRIORITY
25.73,6,6.2794,0,EW_PRIORITY
25.75,5,6.2874,0,EW_PRIORITY
25.77,5,6.2954,0,EW_PRIORITY
25.78,5,6.3034,0,EW_PRIORITY
25.8,5,6.3119,0,EW_PRIORITY
25.82,5,6.3204,0,EW_PRIORITY
25.83,5,6.3284,0,EW_PRIORITY
25.85,5,6.3364,0,EW_PRIORITY
25.87,5,6.3444,0,EW_PRIORITY
25.88,5,6.3529,0,EW_PRIORITY
25.9,5,6.3609,60,EW_PRIORITY
25.92,6,5.4434,0,EW_PRIORITY
25.93,6,5.4514,0,EW_PRIORITY
25.95,6,5.4594,0,EW_PRIORITY
25.97,6,5.4679,0,EW_PRIORITY
25.98,6,5.4764,0,EW_PRIORITY
26.0,6,5.4844,0,EW_PRIORITY
26.02,6,5.4924,0,EW_PRIORITY
26.03,6,5.5004,0,EW_PRIORITY
26.05,6,5.5089,0,EW_PRIORITY
26.07,6,5.5174,60,EW_PRIORITY
26.08,6,4.8384,0,EW_PRIORITY
26.1,7,4.8464,0,EW_PRIORITY
26.12,7,4.8554,0,EW_PRIORITY
26.13,7,4.8639,0,EW_PRIORITY
26.15,7,4.8724,0,EW_PRIORITY
26.17,7,4.8809,0,EW_PRIORITY
26.18,7,4.8889,0,EW_PRIORITY
26.2,7,4.8974,0,EW_PRIORITY
26.22,7,4.9054,0,EW_PRIORITY
26.23,7,4.9139,0,EW_PRIORITY
26.25,7,4.9224,0,EW_PRIORITY
26.27,7,4.9314,0,EW_PRIORITY
26.28,7,4.9404,0,EW_PRIORITY
26.3,6,4.9484,0,EW_PRIORITY
26.32,6,4.9564,0,EW_PRIORITY
26.33,6,4.9644,0,EW_PRIORITY
26.35,6,4.9734,0,EW_PRIORITY
26.37,6,4.9814,0,EW_PRIORITY
26.38,5,4.9894,0,EW_PRIORITY
26.4,5,4.9974,0,EW_PRIORITY
26.42,5,5.0054,0,EW_PRIORITY
26.43,5,5.0139,0,EW_PRIORITY
26.45,5,5.0224,0,EW_PRIORITY
26.47,5,5.0324,0,EW_PRIORITY
26.48,5,5.0409,0,EW_PRIORITY
26.5,5,5.0489,0,EW_PRIORITY
26.52,5,5.0569,0,EW_PRIORITY
26.53,5,5.0649,0,EW_PRIORITY
26.55,5,5.0729,0,EW_PRIORITY
26.57,6,5.0809,0,EW_PRIORITY
26.58,6,5.0889,0,EW_PRIORITY
26.6,5,5.0969,0,EW_PRIORITY
26.62,5,5.1049,0,EW_PRIORITY
26.63,5,5.1129,0,EW_PRIORITY
26.65,5,5.1214,0,EW_PRIORITY
26.67,5,5.1294,0,EW_PRIORITY
26.68,5,5.1374,0,EW_PRIORITY
26.7,5,5.1459,0,EW_PRIORITY
26.72,5,5.1539,0,EW_PRIORITY
26.73,5,5.1624,0,EW_PRIORITY
26.75,5,5.1704,0,EW_PRIORITY
26.77,5,5.1799,0,EW_PRIORITY
26.78,5,5.1879,0,EW_PRIORITY
26.8,5,5.1959,0,EW_PRIORITY
26.82,5,5.2044,0,EW_PRIORITY
26.83,5,5.2124,0,EW_PRIORITY
26.85,5,5.2209,0,EW_PRIORITY
26.87,5,5.2299,0,EW_PRIORITY
26.88,5,5.2379,0,EW_PRIORITY
26.9,5,5.2464,0,EW_PRIORITY
26.92,5,5.2544,0,EW_PRIORITY
26.93,4,5.2624,0,EW_PRIORITY
26.95,4,5.2704,0,EW_PRIORITY
26.97,4,5.2789,0,EW_PRIORITY
26.98,4,5.2884,0,EW_PRIORITY
27.0,4,5.2969,0,EW_PRIORITY
27.02,4,5.3049,0,EW_PRIORITY
27.03,4,5.3129,0,EW_PRIORITY
27.05,4,5.3209,0,EW_PRIORITY
27.07,4,5.3289,0,EW_PRIORITY
27.08,4,5.3374,0,EW_PRIORITY
27.1,4,5.3454,0,EW_PRIORITY
27.12,4,5.3549,0,EW_PRIORITY
27.13,4,5.3644,0,EW_PRIORITY
27.15,4,5.3729,0,EW_YELLOW
27.17,4,5.3814,0,EW_YELLOW
27.18,4,5.3899,0,EW_YELLOW
27.2,4,5.3984,0,EW_YELLOW
27.22,4,5.4069,0,EW_YELLOW
27.23,3,5.4154,0,EW_YELLOW
27.25,3,5.4239,0,EW_YELLOW
27.27,3,5.4324,0,EW_YELLOW
27.28,3,5.4414,0,EW_YELLOW
27.3,3,5.4494,0,EW_YELLOW
27.32,3,5.4574,0,EW_YELLOW
27.33,3,5.4654,0,EW_YELLOW
27.35,3,5.4734,0,EW_YELLOW
27.37,3,5.4819,0,EW_YELLOW
27.38,3,5.4899,0,EW_YELLOW
27.4,3,5.4984,0,EW_YELLOW
27.42,3,5.5064,0,EW_YELLOW
27.43,3,5.5144,0,EW_YELLOW
27.45,3,5.5224,0,EW_YELLOW
27.47,3,5.5309,0,EW_YELLOW
27.48,3,5.5389,0,EW_YELLOW
27.5,3,5.5469,0,EW_YELLOW
27.52,3,5.5549,0,EW_YELLOW
27.53,3,5.5629,0,EW_YELLOW
27.55,3,5.5709,0,EW_YELLOW
27.57,3,5.5794,0,EW_YELLOW
27.58,3,5.5884,0,EW_YELLOW
27.6,3,5.5964,0,EW_YELLOW
27.62,3,5.6049,0,EW_YELLOW
27.63,3,5.6129,0,EW_YELLOW
27.65,3,5.6209,0,EW_YELLOW
27.67,3,5.6289,0,EW_YELLOW
27.68,3,5.6374,0,EW_YELLOW
27.7,3,5.6464,0,EW_YELLOW
27.72,3,5.6544,0,EW_YELLOW
27.73,3,5.6624,0,EW_YELLOW
27.75,3,5.6704,0,EW_YELLOW
27.77,3,5.6784,0,EW_YELLOW
27.78,3,5.6869,0,EW_YELLOW
27.8,3,5.6949,0,EW_YELLOW
27.82,3,5.7029,0,EW_YELLOW
27.83,3,5.7119,0,EW_YELLOW
27.85,3,5.7199,0,EW_YELLOW
27.87,3,5.7284,0,EW_YELLOW
27.88,3,5.7364,0,EW_YELLOW
27.9,3,5.7444,0,EW_YELLOW
27.92,3,5.7524,0,EW_YELLOW
27.93,3,5.7609,0,EW_YELLOW
27.95,3,5.7689,0,EW_YELLOW
27.97,3,5.7769,0,EW_YELLOW
27.98,3,5.7854,0,EW_YELLOW
28.0,3,5.7934,0,EW_YELLOW
28.02,3,5.8024,0,EW_YELLOW
28.03,3,5.8104,0,EW_YELLOW
28.05,3,5.8189,0,EW_YELLOW
28.07,3,5.8274,0,EW_YELLOW
28.08,3,5.8354,0,EW_YELLOW
28.1,3,5.8439,0,EW_YELLOW
28.12,3,5.8524,0,EW_YELLOW
28.13,3,5.8609,0,EW_YELLOW
28.15,3,5.8689,0,EW_YELLOW
28.17,3,5.8774,0,EW_YELLOW
28.18,3,5.8854,0,EW_YELLOW
28.2,3,5.8934,0,EW_YELLOW
28.22,3,5.9014,0,EW_YELLOW
28.23,3,5.9099,0,EW_YELLOW
28.25,3,5.9184,0,EW_YELLOW
28.27,3,5.9269,0,EW_YELLOW
28.28,3,5.9349,0,EW_YELLOW
28.3,3,5.9434,0,EW_YELLOW
28.32,3,5.9519,0,EW_YELLOW
28.33,3,5.9609,0,EW_YELLOW
28.35,3,5.9694,0,EW_YELLOW
28.37,3,5.9774,0,EW_YELLOW
28.38,3,5.9859,0,EW_YELLOW
28.4,3,5.9939,0,EW_YELLOW
28.42,3,6.0024,0,EW_YELLOW
28.43,3,6.0104,0,EW_YELLOW
28.45,3,6.0184,0,EW_YELLOW
28.47,3,6.0269,0,EW_YELLOW
28.48,3,6.0359,0,EW_YELLOW
28.5,3,6.0444,0,EW_YELLOW
28.52,3,6.0524,0,EW_YELLOW
28.53,3,6.0609,0,EW_YELLOW
28.55,3,6.0694,0,EW_YELLOW
28.57,3,6.0774,0,EW_YELLOW
28.58,3,6.0854,0,EW_YELLOW
28.6,3,6.0934,0,EW_YELLOW
28.62,3,6.1014,0,EW_YELLOW
28.63,3,6.1094,0,EW_YELLOW
28.65,3,6.1174,0,NS_PRIORITY
28.67,3,6.1259,0,NS_PRIORITY
28.68,3,6.1339,0,NS_PRIORITY
28.7,3,6.1424,0,NS_PRIORITY
28.72,3,6.1509,0,NS_PRIORITY
28.73,3,6.1599,0,NS_PRIORITY
28.75,3,6.1684,0,NS_PRIORITY
28.77,3,6.1764,0,NS_PRIORITY
28.78,3,6.1844,0,NS_PRIORITY
28.8,3,6.1929,0,NS_PRIORITY
28.82,3,6.2019,0,NS_PRIORITY
28.83,3,6.2104,0,NS_PRIORITY
28.85,3,6.2189,0,NS_PRIORITY
28.87,3,6.2278,0,NS_PRIORITY
28.88,3,6.2367,0,NS_PRIORITY
28.9,3,6.2456,0,NS_PRIORITY
28.92,3,6.255,0,NS_PRIORITY
28.93,3,6.2639,0,NS_PRIORITY
28.95,3,6.2737,0,NS_PRIORITY
28.97,3,6.2841,0,NS_PRIORITY
28.98,3,6.2945,0,NS_PRIORITY
29.0,3,6.3043,0,NS_PRIORITY
29.02,3,6.3147,0,NS_PRIORITY
29.03,3,6.3277,0,NS_PRIORITY
29.05,3,6.3392,0,NS_PRIORITY
29.07,3,6.3508,0,NS_PRIORITY
29.08,3,6.3638,0,NS_PRIORITY
29.1,3,6.377,0,NS_PRIORITY
29.12,3,6.3894,0,NS_PRIORITY
29.13,3,6.4034,0,NS_PRIORITY
29.15,3,6.4141,0,NS_PRIORITY
29.17,3,6.4237,0,NS_PRIORITY
29.18,3,6.4333,0,NS_PRIORITY
29.2,3,6.4392,0,NS_PRIORITY
29.22,3,6.4448,0,NS_PRIORITY
29.23,3,6.4504,0,NS_PRIORITY
29.25,3,6.456,0,NS_PRIORITY
29.27,3,6.4619,0,NS_PRIORITY
29.28,3,6.4664,0,NS_PRIORITY
29.3,3,6.4708,0,NS_PRIORITY
29.32,3,6.4755,0,NS_PRIORITY
29.33,3,6.48,0,NS_PRIORITY
29.35,3,6.4847,0,NS_PRIORITY
29.37,3,6.4894,0,NS_PRIORITY
29.38,3,6.4939,0,NS_PRIORITY
29.4,3,6.4986,0,NS_PRIORITY
29.42,3,6.503,0,NS_PRIORITY
29.43,3,6.5078,0,NS_PRIORITY
29.45,3,6.5122,0,NS_PRIORITY
29.47,3,6.5167,0,NS_PRIORITY
29.48,3,6.5214,0,NS_PRIORITY
29.5,3,6.5261,0,NS_PRIORITY
29.52,3,6.5308,0,NS_PRIORITY
29.53,3,6.5355,0,NS_PRIORITY
29.55,3,6.5403,0,NS_PRIORITY
29.57,3,6.545,0,NS_PRIORITY
29.58,3,6.5494,0,NS_PRIORITY
29.6,3,6.5539,0,NS_PRIORITY
29.62,3,6.5583,0,NS_PRIORITY
29.63,3,6.563,0,NS_PRIORITY
29.65,3,6.5675,0,NS_PRIORITY
29.67,3,6.5719,0,NS_PRIORITY
29.68,3,6.5764,0,NS_PRIORITY
29.7,3,6.5808,0,NS_PRIORITY
29.72,3,6.5853,0,NS_PRIORITY
29.73,3,6.59,0,NS_PRIORITY
29.75,3,6.5944,0,NS_PRIORITY
29.77,3,6.5989,0,NS_PRIORITY
29.78,3,6.6036,0,NS_PRIORITY
29.8,3,6.6086,0,NS_PRIORITY
29.82,3,6.6133,0,NS_PRIORITY
29.83,3,6.6183,0,NS_PRIORITY
29.85,3,6.623,0,NS_PRIORITY
29.87,3,6.628,0,NS_PRIORITY
29.88,3,6.6325,0,NS_PRIORITY
29.9,3,6.6369,0,NS_PRIORITY
29.92,3,6.6417,0,NS_PRIORITY
29.93,3,6.647,0,NS_PRIORITY
29.95,3,6.6527,0,NS_PRIORITY
29.97,3,6.658,0,NS_PRIORITY
29.98,3,6.6633,0,NS_PRIORITY
30.0,3,6.669,0,NS_PRIORITY
30.02,3,6.6747,0,NS_PRIORITY
30.03,3,6.68,0,NS_PRIORITY
30.05,3,6.6866,0,NS_PRIORITY
30.07,3,6.6928,0,NS_PRIORITY
30.08,3,6.699,0,NS_PRIORITY
30.1,3,6.7053,0,NS_PRIORITY
30.12,4,6.7115,0,NS_PRIORITY
30.13,4,6.7177,0,NS_PRIORITY
30.15,4,6.7248,0,NS_PRIORITY
30.17,4,6.7324,0,NS_PRIORITY
30.18,4,6.7399,0,NS_PRIORITY
30.2,4,6.7479,0,NS_PRIORITY
30.22,3,6.7564,0,NS_PRIORITY
30.23,3,6.7649,0,NS_PRIORITY
30.25,3,6.7729,0,NS_PRIORITY
30.27,3,6.7814,0,NS_PRIORITY
30.28,3,6.7899,0,NS_PRIORITY
30.3,3,6.7984,0,NS_PRIORITY
30.32,3,6.8064,0,NS_PRIORITY
30.33,3,6.8149,0,NS_PRIORITY
30.35,3,6.8239,0,NS_PRIORITY
30.37,3,6.8319,0,NS_PRIORITY
30.38,3,6.8399,0,NS_PRIORITY
30.4,3,6.8484,0,NS_PRIORITY
30.42,3,6.8564,0,NS_PRIORITY
30.43,3,6.8644,0,NS_PRIORITY
30.45,3,6.8724,0,NS_PRIORITY
30.47,3,6.8809,0,NS_PRIORITY
30.48,3,6.8889,0,NS_PRIORITY
30.5,3,6.8969,0,NS_PRIORITY
30.52,3,6.9049,0,NS_PRIORITY
30.53,3,6.9129,0,NS_PRIORITY
30.55,3,6.9209,0,NS_PRIORITY
30.57,3,6.9289,0,NS_PRIORITY
30.58,3,6.9379,0,NS_PRIORITY
30.6,3,6.9459,0,NS_PRIORITY
30.62,3,6.9539,0,NS_PRIORITY
30.63,4,6.9629,0,NS_PRIORITY
30.65,4,6.9724,0,NS_PRIORITY
30.67,4,6.9804,0,NS_PRIORITY
30.68,4,6.9889,0,NS_PRIORITY
30.7,4,6.9974,0,NS_PRIORITY
30.72,4,7.0054,0,NS_PRIORITY
30.73,4,7.0139,0,NS_PRIORITY
30.75,4,7.0229,0,NS_PRIORITY
30.77,4,7.0314,0,NS_PRIORITY
30.78,4,7.0394,0,NS_PRIORITY
30.8,4,7.0479,0,NS_PRIORITY
30.82,3,7.0569,0,NS_PRIORITY
30.83,3,7.0649,0,NS_PRIORITY
30.85,3,7.0734,0,NS_PRIORITY
30.87,3,7.0814,0,NS_PRIORITY
30.88,3,7.0904,0,NS_PRIORITY
30.9,3,7.0984,0,NS_PRIORITY
30.92,3,7.1064,0,NS_PRIORITY
30.93,3,7.1149,0,NS_PRIORITY
30.95,3,7.1229,0,NS_PRIORITY
30.97,3,7.1309,0,NS_PRIORITY
30.98,3,7.1389,0,NS_PRIORITY
31.0,3,7.1469,0,NS_PRIORITY
31.02,3,7.1554,0,NS_PRIORITY
31.03,3,7.1639,0,NS_PRIORITY
31.05,3,7.1729,0,NS_PRIORITY
31.07,3,7.1839,0,NS_PRIORITY
31.08,3,7.1934,0,NS_PRIORITY
31.1,3,7.2014,0,NS_PRIORITY
31.12,3,7.2094,0,NS_PRIORITY
31.13,3,7.2174,0,NS_PRIORITY
31.15,3,7.2254,0,NS_PRIORITY
31.17,3,7.2344,0,NS_PRIORITY
31.18,3,7.2424,0,NS_PRIORITY
31.2,3,7.2509,0,NS_PRIORITY
31.22,3,7.2589,0,NS_PRIORITY
31.23,3,7.2669,0,NS_PRIORITY
31.25,3,7.2749,0,NS_PRIORITY
31.27,3,7.2834,0,NS_PRIORITY
31.28,3,7.2914,0,NS_PRIORITY
31.3,3,7.2994,0,NS_PRIORITY
31.32,3,7.3079,0,NS_PRIORITY
31.33,3,7.3159,0,NS_PRIORITY
31.35,3,7.3244,0,NS_PRIORITY
31.37,2,7.3324,0,NS_PRIORITY
31.38,2,7.3404,0,NS_PRIORITY
31.4,3,7.3484,0,NS_PRIORITY
31.42,3,7.3564,0,NS_PRIORITY
31.43,3,7.3649,0,NS_PRIORITY
31.45,3,7.3729,0,NS_PRIORITY
31.47,3,7.3814,0,NS_PRIORITY
31.48,3,7.3899,0,NS_PRIORITY
31.5,3,7.3984,0,NS_PRIORITY
31.52,3,7.4074,0,NS_PRIORITY
31.53,3,7.4154,0,NS_PRIORITY
31.55,2,7.4239,0,NS_PRIORITY
31.57,2,7.4324,0,NS_PRIORITY
31.58,2,7.4409,0,NS_PRIORITY
31.6,2,7.4489,0,NS_PRIORITY
31.62,2,7.4569,0,NS_PRIORITY
31.63,2,7.4654,0,NS_PRIORITY
31.65,2,7.4734,0,NS_PRIORITY
31.67,2,7.4819,0,NS_PRIORITY
31.68,2,7.4899,0,NS_PRIORITY
31.7,2,7.4979,0,NS_PRIORITY
31.72,2,7.5069,0,NS_PRIORITY
31.73,2,7.5154,0,NS_PRIORITY
31.75,2,7.5239,0,NS_PRIORITY
31.77,2,7.5319,0,NS_PRIORITY
31.78,2,7.5404,0,NS_PRIORITY
31.8,2,7.5489,0,NS_PRIORITY
31.82,2,7.5574,0,NS_PRIORITY
31.83,2,7.5659,0,NS_PRIORITY
31.85,2,7.5744,0,NS_PRIORITY
31.87,2,7.5824,0,NS_PRIORITY
31.88,2,7.5904,0,NS_PRIORITY
31.9,2,7.5989,0,NS_PRIORITY
31.92,2,7.6069,0,NS_PRIORITY
31.93,2,7.6154,0,NS_PRIORITY
31.95,2,7.6234,0,NS_PRIORITY
31.97,2,7.6319,0,NS_PRIORITY
31.98,2,7.6404,0,NS_PRIORITY
32.0,2,7.6484,0,NS_PRIORITY
32.02,2,7.6564,0,NS_PRIORITY
32.03,2,7.6644,0,NS_PRIORITY
32.05,2,7.6734,0,NS_PRIORITY
32.07,2,7.6819,0,NS_PRIORITY
32.08,2,7.6899,0,NS_PRIORITY
32.1,2,7.6989,0,NS_PRIORITY
32.12,2,7.7074,0,NS_PRIORITY
32.13,2,7.7159,0,NS_PRIORITY
32.15,2,7.7244,0,NS_PRIORITY
32.17,2,7.7344,0,NS_PRIORITY
32.18,2,7.7439,0,NS_PRIORITY
32.2,2,7.7524,0,NS_PRIORITY
32.22,2,7.7609,0,NS_PRIORITY
32.23,2,7.7689,0,NS_PRIORITY
32.25,2,7.7774,0,NS_PRIORITY
32.27,2,7.7859,0,NS_PRIORITY
32.28,2,7.7939,0,NS_PRIORITY
32.3,2,7.8019,0,NS_PRIORITY
32.32,2,7.8099,0,NS_PRIORITY
32.33,2,7.8179,0,NS_PRIORITY
32.35,2,7.8264,0,NS_PRIORITY
32.37,2,7.8344,60,NS_PRIORITY
32.38,2,7.1637,0,NS_PRIORITY
32.4,2,7.1717,0,NS_PRIORITY
32.42,2,7.1797,0,NS_PRIORITY
32.43,2,7.1877,0,NS_PRIORITY
32.45,2,7.1962,0,NS_PRIORITY
32.47,2,7.2047,0,NS_PRIORITY
32.48,2,7.2127,0,NS_PRIORITY
32.5,2,7.2207,0,NS_PRIORITY
32.52,2,7.2287,0,NS_PRIORITY
32.53,2,7.2367,0,NS_PRIORITY
32.55,2,7.2457,0,NS_PRIORITY
32.57,2,7.2537,0,NS_PRIORITY
32.58,2,7.2617,0,NS_PRIORITY
32.6,2,7.2697,0,NS_PRIORITY
32.62,2,7.2777,0,NS_PRIORITY
32.63,2,7.2862,0,NS_PRIORITY
32.65,2,7.2947,0,NS_PRIORITY
32.67,3,7.3027,0,NS_PRIORITY
32.68,3,7.3107,0,NS_PRIORITY
32.7,3,7.3187,0,NS_PRIORITY
32.72,3,7.3267,0,NS_PRIORITY
32.73,3,7.3352,0,NS_PRIORITY
32.75,3,7.3432,0,NS_PRIORITY
32.77,3,7.3512,0,NS_PRIORITY
32.78,3,7.3602,0,NS_PRIORITY
32.8,3,7.3687,0,NS_PRIORITY
32.82,3,7.3767,0,NS_PRIORITY
32.83,3,7.3852,0,NS_PRIORITY
32.85,3,7.3947,0,NS_PRIORITY
32.87,3,7.4027,0,NS_PRIORITY
32.88,3,7.4107,0,NS_PRIORITY
32.9,3,7.4187,0,NS_PRIORITY
32.92,3,7.4267,0,NS_PRIORITY
32.93,3,7.4352,0,NS_PRIORITY
32.95,3,7.4432,0,NS_PRIORITY
32.97,3,7.4517,60,NS_PRIORITY
32.98,3,6.8463,0,NS_PRIORITY
33.0,3,6.8548,0,NS_PRIORITY
33.02,3,6.8633,0,NS_PRIORITY
33.03,3,6.8713,0,NS_PRIORITY
33.05,3,6.8793,0,NS_PRIORITY
33.07,3,6.8873,0,NS_PRIORITY
33.08,3,6.8953,0,NS_PRIORITY
33.1,3,6.9038,0,NS_PRIORITY
33.12,3,6.9123,0,NS_PRIORITY
33.13,3,6.9203,0,NS_PRIORITY
33.15,3,6.9283,0,NS_PRIORITY
33.17,3,6.9368,0,NS_PRIORITY
33.18,3,6.9453,0,NS_PRIORITY
33.2,3,6.9538,0,NS_PRIORITY
33.22,3,6.9618,0,NS_PRIORITY
33.23,3,6.9698,0,NS_PRIORITY
33.25,3,6.9793,0,NS_PRIORITY
33.27,3,6.9873,0,NS_PRIORITY
33.28,3,6.9953,0,NS_PRIORITY
33.3,3,7.0033,0,NS_PRIORITY
33.32,3,7.0118,0,NS_PRIORITY
33.33,2,7.0208,0,NS_PRIORITY
33.35,2,7.0288,0,NS_PRIORITY
33.37,2,7.0368,0,NS_PRIORITY
33.38,2,7.0448,0,NS_PRIORITY
33.4,2,7.0528,0,NS_PRIORITY
33.42,2,7.0608,0,NS_PRIORITY
33.43,2,7.0693,0,NS_PRIORITY
33.45,2,7.0778,0,NS_PRIORITY
33.47,2,7.0858,0,NS_PRIORITY
33.48,2,7.0938,0,NS_PRIORITY
33.5,2,7.1018,0,NS_PRIORITY
33.52,2,7.1103,0,NS_PRIORITY
33.53,2,7.1183,0,NS_PRIORITY
33.55,2,7.1263,0,NS_PRIORITY
33.57,2,7.1343,0,NS_PRIORITY
33.58,2,7.1428,0,NS_PRIORITY
33.6,2,7.1508,0,NS_PRIORITY
33.62,2,7.1588,0,NS_PRIORITY
33.63,2,7.1678,0,NS_PRIORITY
33.65,2,7.1763,0,NS_PRIORITY
33.67,2,7.1843,0,NS_PRIORITY
33.68,2,7.1928,0,NS_PRIORITY
33.7,2,7.2013,0,NS_PRIORITY
33.72,2,7.2093,0,NS_PRIORITY
33.73,2,7.2173,0,NS_PRIORITY
33.75,2,7.2258,0,NS_PRIORITY
33.77,2,7.2338,0,NS_PRIORITY
33.78,2,7.2418,0,NS_PRIORITY
33.8,2,7.2498,0,NS_PRIORITY
33.82,2,7.2583,0,NS_PRIORITY
33.83,2,7.2663,0,NS_PRIORITY
33.85,2,7.2748,0,NS_PRIORITY
33.87,2,7.2843,0,NS_PRIORITY
33.88,2,7.2948,0,NS_PRIORITY
33.9,2,7.3038,0,NS_PRIORITY
33.92,2,7.3123,0,NS_PRIORITY
33.93,2,7.3213,0,NS_PRIORITY
33.95,2,7.3298,0,NS_PRIORITY
33.97,2,7.3383,0,NS_PRIORITY
33.98,2,7.3463,0,NS_PRIORITY
34.0,2,7.3543,0,NS_PRIORITY
34.02,2,7.3623,0,NS_PRIORITY
34.03,2,7.3708,0,NS_PRIORITY
34.05,2,7.3793,0,NS_PRIORITY
34.07,2,7.3873,0,NS_PRIORITY
34.08,2,7.3958,0,NS_PRIORITY
34.1,2,7.4043,0,NS_PRIORITY
34.12,2,7.4128,0,NS_PRIORITY
34.13,2,7.4208,0,NS_PRIORITY
34.15,2,7.4288,0,NS_PRIORITY
34.17,2,7.4368,0,NS_PRIORITY
34.18,2,7.4458,0,NS_PRIORITY
34.2,2,7.4543,0,NS_PRIORITY
34.22,2,7.4628,0,NS_PRIORITY
34.23,2,7.4708,0,NS_PRIORITY
34.25,2,7.4788,0,NS_PRIORITY
34.27,2,7.4868,0,NS_PRIORITY
34.28,2,7.4953,0,NS_PRIORITY
34.3,2,7.5038,0,NS_PRIORITY
34.32,2,7.5118,0,NS_PRIORITY
34.33,2,7.5198,0,NS_PRIORITY
34.35,2,7.5278,0,NS_PRIORITY
34.37,2,7.5363,0,NS_PRIORITY
34.38,2,7.5443,0,NS_PRIORITY
34.4,2,7.5523,0,NS_PRIORITY
34.42,2,7.5603,0,NS_PRIORITY
34.43,2,7.5683,0,NS_PRIORITY
34.45,2,7.5763,0,NS_PRIORITY
34.47,2,7.5843,0,NS_PRIORITY
34.48,2,7.5923,0,NS_PRIORITY
34.5,2,7.6008,0,NS_PRIORITY
34.52,2,7.6088,0,NS_PRIORITY
34.53,2,7.6178,0,NS_PRIORITY
34.55,2,7.6263,0,NS_PRIORITY
34.57,2,7.6353,0,NS_PRIORITY
34.58,2,7.6433,0,NS_PRIORITY
34.6,2,7.6513,0,NS_PRIORITY
34.62,2,7.6598,0,NS_PRIORITY
34.63,2,7.6683,0,NS_PRIORITY
34.65,2,7.6768,0,NS_PRIORITY
34.67,2,7.6848,0,NS_PRIORITY
34.68,2,7.6928,0,NS_PRIORITY
34.7,2,7.7013,0,NS_PRIORITY
34.72,2,7.7098,0,NS_PRIORITY
34.73,3,7.7178,0,NS_PRIORITY
34.75,3,7.7263,0,NS_PRIORITY
34.77,3,7.7343,0,NS_PRIORITY
34.78,3,7.7423,0,NS_PRIORITY
34.8,3,7.7503,0,NS_PRIORITY
34.82,3,7.7588,0,NS_PRIORITY
34.83,3,7.7678,0,NS_PRIORITY
34.85,3,7.7758,0,NS_PRIORITY
34.87,3,7.7855,0,NS_PRIORITY
34.88,3,7.7947,0,NS_PRIORITY
34.9,3,7.8044,0,NS_PRIORITY
34.92,3,7.8141,0,NS_PRIORITY
34.93,3,7.8232,0,NS_PRIORITY
34.95,3,7.8324,0,NS_PRIORITY
34.97,3,7.8421,0,NS_PRIORITY
34.98,3,7.8518,0,NS_PRIORITY
35.0,3,7.8609,0,NS_PRIORITY
35.02,4,7.8707,0,NS_PRIORITY
35.03,4,7.8804,0,NS_PRIORITY
35.05,4,7.8901,0,NS_PRIORITY
35.07,4,7.8992,0,NS_PRIORITY
35.08,4,7.9089,0,NS_PRIORITY
35.1,4,7.9187,0,NS_PRIORITY
35.12,4,7.9278,0,NS_PRIORITY
35.13,4,7.9369,0,NS_PRIORITY
35.15,4,7.9467,0,NS_PRIORITY
35.17,4,7.9552,0,NS_PRIORITY
35.18,4,7.9632,0,NS_PRIORITY
35.2,4,7.9717,0,NS_PRIORITY
35.22,4,7.9797,0,NS_PRIORITY
35.23,4,7.9882,0,NS_PRIORITY
35.25,4,7.9962,0,NS_PRIORITY
35.27,4,8.0042,0,NS_PRIORITY
35.28,4,8.0127,0,NS_PRIORITY
35.3,4,8.0212,0,NS_PRIORITY
35.32,4,8.0292,0,NS_PRIORITY
35.33,4,8.0372,0,NS_PRIORITY
35.35,4,8.0457,0,NS_PRIORITY
35.37,4,8.0542,0,NS_PRIORITY
35.38,4,8.0627,0,NS_PRIORITY
35.4,4,8.0712,0,NS_PRIORITY
35.42,4,8.0792,0,NS_PRIORITY
35.43,5,8.0872,0,NS_PRIORITY
35.45,5,8.0952,0,NS_PRIORITY
35.47,5,8.1032,0,NS_PRIORITY
35.48,5,8.1117,0,NS_PRIORITY
35.5,5,8.1202,0,NS_PRIORITY
35.52,5,8.1282,0,NS_PRIORITY
35.53,5,8.1362,0,NS_PRIORITY
35.55,5,8.1447,0,NS_PRIORITY
35.57,5,8.1527,0,NS_PRIORITY
35.58,5,8.1607,0,NS_PRIORITY
35.6,5,8.1687,0,NS_PRIORITY
35.62,5,8.1767,0,NS_PRIORITY
35.63,5,8.1847,0,NS_PRIORITY
35.65,5,8.1927,0,NS_PRIORITY
35.67,5,8.2007,0,NS_PRIORITY
35.68,5,8.2087,0,NS_PRIORITY
35.7,5,8.2172,0,NS_PRIORITY
35.72,5,8.2257,0,NS_PRIORITY
35.73,4,8.2342,0,NS_PRIORITY
35.75,4,8.2437,0,NS_PRIORITY
35.77,4,8.2517,0,NS_PRIORITY
35.78,4,8.2597,60,NS_PRIORITY
35.8,4,7.6169,0,NS_PRIORITY
35.82,4,7.6249,0,NS_PRIORITY
35.83,4,7.6334,0,NS_PRIORITY
35.85,4,7.6419,0,NS_PRIORITY
35.87,4,7.6514,0,NS_PRIORITY
35.88,4,7.6599,0,NS_PRIORITY
35.9,4,7.6679,0,NS_PRIORITY
35.92,3,7.6759,0,NS_PRIORITY
35.93,3,7.6839,0,NS_PRIORITY
35.95,3,7.6919,0,NS_PRIORITY
35.97,3,7.6999,0,NS_PRIORITY
35.98,3,7.7084,0,NS_PRIORITY
36.0,3,7.7164,0,NS_PRIORITY
36.02,3,7.7244,0,NS_PRIORITY
36.03,3,7.7324,0,NS_PRIORITY
36.05,3,7.7404,0,NS_PRIORITY
36.07,3,7.7484,0,NS_PRIORITY
36.08,3,7.7569,0,NS_PRIORITY
36.1,3,7.7649,0,NS_PRIORITY
36.12,3,7.7729,0,NS_PRIORITY
36.13,3,7.7809,0,NS_PRIORITY
36.15,2,7.7889,0,NS_PRIORITY
36.17,2,7.7969,0,NS_PRIORITY
36.18,2,7.8054,0,NS_PRIORITY
36.2,2,7.8134,0,NS_PRIORITY
36.22,2,7.8224,0,NS_PRIORITY
36.23,2,7.8304,0,NS_PRIORITY
36.25,2,7.8389,0,NS_PRIORITY
36.27,2,7.8474,0,NS_PRIORITY
36.28,2,7.8554,0,NS_PRIORITY
36.3,2,7.8634,0,NS_PRIORITY
36.32,2,7.8719,0,NS_PRIORITY
36.33,2,7.8799,0,NS_PRIORITY
36.35,2,7.8884,0,NS_PRIORITY
36.37,2,7.8969,0,NS_PRIORITY
36.38,2,7.9054,0,NS_PRIORITY
36.4,2,7.9139,0,NS_PRIORITY
36.42,2,7.9219,0,NS_PRIORITY
36.43,2,7.9304,0,NS_PRIORITY
36.45,2,7.9384,0,NS_PRIORITY
36.47,2,7.9469,0,NS_PRIORITY
36.48,2,7.9549,0,NS_PRIORITY
36.5,2,7.9634,0,NS_PRIORITY
36.52,2,7.9714,0,NS_PRIORITY
36.53,2,7.9794,0,NS_PRIORITY
36.55,2,7.9874,0,NS_PRIORITY
36.57,2,7.9954,0,NS_PRIORITY
36.58,2,8.0039,0,NS_PRIORITY
36.6,2,8.0124,0,NS_PRIORITY
36.62,2,8.0209,0,NS_PRIORITY
36.63,2,8.0294,0,NS_PRIORITY
36.65,2,8.0374,0,NS_PRIORITY
36.67,2,8.0459,0,NS_PRIORITY
36.68,1,8.0539,0,NS_PRIORITY
36.7,1,8.0619,0,NS_PRIORITY
36.72,1,8.0704,0,NS_PRIORITY
36.73,1,8.0784,0,NS_PRIORITY
36.75,1,8.0864,0,NS_PRIORITY
36.77,1,8.0949,0,NS_PRIORITY
36.78,1,8.1029,0,NS_PRIORITY
36.8,1,8.1109,0,NS_PRIORITY
36.82,1,8.1189,0,NS_PRIORITY
36.83,1,8.1274,0,NS_PRIORITY
36.85,1,8.1359,0,NS_PRIORITY
36.87,1,8.1444,0,NS_PRIORITY
36.88,1,8.1524,0,NS_PRIORITY
36.9,1,8.1604,0,NS_PRIORITY
36.92,1,8.1689,0,NS_PRIORITY
36.93,1,8.1779,0,NS_PRIORITY
36.95,1,8.1859,0,NS_PRIORITY
36.97,1,8.1944,0,NS_PRIORITY
36.98,1,8.2024,0,NS_PRIORITY
37.0,1,8.2104,0,NS_PRIORITY
37.02,1,8.2194,0,NS_PRIORITY
37.03,1,8.2274,0,NS_PRIORITY
37.05,1,8.2354,0,NS_PRIORITY
37.07,1,8.2439,0,NS_PRIORITY
37.08,1,8.2524,0,NS_PRIORITY
37.1,1,8.2604,0,NS_PRIORITY
37.12,1,8.2684,0,NS_PRIORITY
37.13,1,8.2764,0,NS_PRIORITY
37.15,1,8.2844,0,NS_PRIORITY
37.17,1,8.2924,0,NS_PRIORITY
37.18,1,8.3024,0,NS_PRIORITY
37.2,1,8.3109,0,NS_PRIORITY
37.22,1,8.3189,0,NS_PRIORITY
37.23,1,8.3279,0,NS_PRIORITY
37.25,1,8.3369,0,NS_PRIORITY
37.27,1,8.3454,0,NS_PRIORITY
37.28,1,8.3539,0,NS_PRIORITY
37.3,1,8.3619,0,NS_PRIORITY
37.32,1,8.3699,0,NS_PRIORITY
37.33,1,8.3784,0,NS_PRIORITY
37.35,1,8.3864,0,NS_PRIORITY
37.37,1,8.3949,0,NS_PRIORITY
37.38,1,8.4034,0,NS_PRIORITY
37.4,1,8.4119,0,NS_PRIORITY
37.42,1,8.4204,0,NS_PRIORITY
37.43,1,8.4289,0,NS_PRIORITY
37.45,1,8.4369,0,NS_PRIORITY
37.47,1,8.4454,0,NS_PRIORITY
37.48,1,8.4534,0,NS_PRIORITY
37.5,1,8.4619,60,NS_PRIORITY
37.52,1,7.7489,0,NS_PRIORITY
37.53,1,7.7569,0,NS_PRIORITY
37.55,1,7.7654,0,NS_PRIORITY
37.57,1,7.7734,0,NS_PRIORITY
37.58,1,7.7819,0,NS_PRIORITY
37.6,1,7.7899,0,NS_PRIORITY
37.62,1,7.7984,0,NS_PRIORITY
37.63,1,7.8069,0,NS_PRIORITY
37.65,1,7.8149,0,NS_PRIORITY
37.67,1,7.8229,0,NS_PRIORITY
37.68,1,7.8314,0,NS_PRIORITY
37.7,1,7.8394,0,NS_PRIORITY
37.72,1,7.8474,0,NS_PRIORITY
37.73,1,7.8554,0,NS_PRIORITY
37.75,1,7.8634,0,NS_PRIORITY
37.77,1,7.8719,0,NS_PRIORITY
37.78,1,7.8804,0,NS_PRIORITY
37.8,1,7.8884,0,NS_PRIORITY
37.82,1,7.8964,0,NS_PRIORITY
37.83,1,7.9054,0,NS_PRIORITY
37.85,1,7.9134,0,NS_PRIORITY
37.87,1,7.9219,0,NS_PRIORITY
37.88,1,7.9314,0,NS_PRIORITY
37.9,1,7.9399,0,NS_PRIORITY
37.92,1,7.9479,0,NS_PRIORITY
37.93,1,7.9559,0,NS_PRIORITY
37.95,1,7.9639,60,NS_PRIORITY
37.97,1,7.9729,0,NS_PRIORITY
37.98,1,7.9809,0,NS_PRIORITY
38.0,1,7.9889,0,NS_PRIORITY
38.02,1,7.9974,0,NS_PRIORITY
38.03,1,8.0059,0,NS_PRIORITY
38.05,1,8.0139,0,NS_PRIORITY
38.07,1,8.0219,0,NS_PRIORITY
38.08,1,8.0299,0,NS_PRIORITY
38.1,1,8.0379,0,NS_PRIORITY
38.12,1,8.0459,0,NS_PRIORITY
38.13,1,8.0539,0,NS_PRIORITY
38.15,1,8.0624,0,NS_PRIORITY
38.17,1,8.0704,0,NS_PRIORITY
38.18,1,8.0784,0,NS_PRIORITY
38.2,1,8.0864,0,NS_PRIORITY
38.22,1,8.0944,0,NS_PRIORITY
38.23,1,8.1024,0,NS_PRIORITY
38.25,1,8.1114,0,NS_PRIORITY
38.27,1,8.1194,0,NS_PRIORITY
38.28,1,8.1279,0,NS_PRIORITY
38.3,1,8.1364,0,NS_PRIORITY
38.32,1,8.1444,0,NS_PRIORITY
38.33,1,8.1524,0,NS_PRIORITY
38.35,1,8.1609,0,NS_PRIORITY
38.37,1,8.1689,0,NS_PRIORITY
38.38,1,8.1769,0,NS_PRIORITY
38.4,1,8.1854,0,NS_PRIORITY
38.42,1,8.1934,0,NS_PRIORITY
38.43,1,8.2014,0,NS_PRIORITY
38.45,1,8.2094,0,NS_PRIORITY
38.47,1,8.2179,0,NS_PRIORITY
38.48,1,8.2264,0,NS_PRIORITY
38.5,1,8.2344,0,NS_PRIORITY
38.52,1,8.2424,0,NS_PRIORITY
38.53,1,8.2509,0,NS_PRIORITY
38.55,1,8.2589,0,NS_PRIORITY
38.57,1,8.2669,0,NS_PRIORITY
38.58,1,8.2749,0,NS_PRIORITY
38.6,1,8.2834,0,NS_PRIORITY
38.62,1,8.2919,0,NS_PRIORITY
38.63,1,8.2999,0,NS_PRIORITY
38.65,1,8.3084,0,NS_PRIORITY
38.67,1,8.3174,0,NS_PRIORITY
38.68,1,8.3264,0,NS_PRIORITY
38.7,1,8.3344,0,NS_PRIORITY
38.72,1,8.3424,0,NS_PRIORITY
38.73,1,8.3504,0,NS_PRIORITY
38.75,1,8.3584,0,NS_PRIORITY
38.77,1,8.3669,0,NS_PRIORITY
38.78,1,8.3754,0,NS_PRIORITY
38.8,1,8.3839,0,NS_PRIORITY
38.82,1,8.3924,0,NS_PRIORITY
38.83,1,8.4004,0,NS_PRIORITY
38.85,1,8.4084,0,NS_PRIORITY
38.87,1,8.4169,0,NS_PRIORITY
38.88,1,8.4249,0,NS_PRIORITY
38.9,1,8.4329,0,NS_PRIORITY
38.92,1,8.4409,0,NS_PRIORITY
38.93,1,8.4489,0,NS_PRIORITY
38.95,1,8.4569,0,NS_PRIORITY
38.97,1,8.4649,0,NS_PRIORITY
38.98,1,8.4729,0,NS_PRIORITY
39.0,1,8.4809,0,NS_PRIORITY
39.02,1,8.4894,0,NS_PRIORITY
39.03,1,8.4974,0,NS_PRIORITY
39.05,1,8.5059,0,NS_PRIORITY
39.07,1,8.5154,0,NS_PRIORITY
39.08,1,8.5234,0,NS_PRIORITY
39.1,1,8.5314,0,NS_PRIORITY
39.12,1,8.5394,0,NS_PRIORITY
39.13,1,8.5474,0,NS_PRIORITY
39.15,1,8.5554,0,NS_PRIORITY
39.17,1,8.5634,0,NS_PRIORITY
39.18,1,8.5719,0,NS_PRIORITY
39.2,1,8.5804,0,NS_PRIORITY
39.22,1,8.5889,0,NS_PRIORITY
39.23,1,8.5969,0,NS_PRIORITY
39.25,1,8.6059,0,NS_PRIORITY
39.27,1,8.6154,0,NS_PRIORITY
39.28,1,8.6244,0,NS_PRIORITY
39.3,1,8.6324,0,NS_PRIORITY
39.32,1,8.6404,0,NS_PRIORITY
39.33,1,8.6484,0,NS_PRIORITY
39.35,1,8.6564,0,NS_PRIORITY
39.37,1,8.6649,0,NS_PRIORITY
39.38,1,8.6739,0,NS_PRIORITY
39.4,1,8.6824,0,NS_PRIORITY
39.42,1,8.6909,0,NS_PRIORITY
39.43,1,8.6989,0,NS_PRIORITY
39.45,1,8.7074,0,NS_PRIORITY
39.47,1,8.7159,60,NS_PRIORITY
39.48,1,8.7244,0,NS_PRIORITY
39.5,1,8.7329,0,NS_PRIORITY
39.52,1,8.7414,0,NS_PRIORITY
39.53,1,8.7499,0,NS_PRIORITY
39.55,1,8.7579,0,NS_PRIORITY
39.57,1,8.7664,0,NS_PRIORITY
39.58,1,8.7749,0,NS_PRIORITY
39.6,1,8.7829,0,NS_PRIORITY
39.62,1,8.7914,0,NS_PRIORITY
39.63,1,8.7994,0,NS_PRIORITY
39.65,1,8.8079,0,NS_PRIORITY
39.67,1,8.8159,0,NS_PRIORITY
39.68,1,8.8244,0,NS_PRIORITY
39.7,1,8.8329,0,NS_PRIORITY
39.72,1,8.8414,0,NS_PRIORITY
39.73,1,8.8499,0,NS_PRIORITY
39.75,1,8.8584,0,NS_PRIORITY
39.77,1,8.8674,0,NS_PRIORITY
39.78,1,8.8754,0,NS_PRIORITY
39.8,1,8.8834,0,NS_PRIORITY
39.82,1,8.8924,0,NS_PRIORITY
39.83,1,8.9009,0,NS_PRIORITY
39.85,1,8.9094,0,NS_PRIORITY
39.87,1,8.9179,0,NS_PRIORITY
39.88,1,8.9274,0,NS_PRIORITY
39.9,1,8.9354,0,NS_PRIORITY
39.92,1,8.9439,0,NS_PRIORITY
39.93,1,8.9529,0,NS_PRIORITY
39.95,1,8.9619,0,NS_PRIORITY
39.97,1,8.9699,0,NS_PRIORITY
39.98,0,8.977,0,NS_PRIORITY
40.0,0,8.9846,0,NS_PRIORITY
40.02,0,8.9922,0,NS_PRIORITY
40.03,0,8.9993,0,NS_PRIORITY
40.05,0,9.0064,0,NS_PRIORITY
40.07,0,9.0139,0,NS_PRIORITY
40.08,0,9.0215,0,NS_PRIORITY
40.1,0,9.029,0,NS_PRIORITY
40.12,0,9.0366,0,NS_PRIORITY
40.13,0,9.0442,0,NS_PRIORITY
40.15,0,9.0513,0,NS_PRIORITY
40.17,0,9.0584,0,NS_PRIORITY
40.18,0,9.0655,0,NS_PRIORITY
40.2,0,9.0726,0,NS_PRIORITY
40.22,0,9.0797,0,NS_PRIORITY
40.23,1,9.0882,0,NS_PRIORITY
40.25,2,9.0977,0,NS_PRIORITY
40.27,2,9.1067,0,NS_PRIORITY
40.28,2,9.1152,0,NS_PRIORITY
40.3,2,9.1237,0,NS_PRIORITY
40.32,2,9.1317,0,NS_PRIORITY
40.33,2,9.1402,0,NS_PRIORITY
40.35,2,9.1482,0,NS_PRIORITY
40.37,2,9.1562,0,NS_PRIORITY
40.38,2,9.1647,0,NS_PRIORITY
40.4,2,9.1727,0,NS_PRIORITY
40.42,2,9.1807,0,NS_PRIORITY
40.43,2,9.1887,0,NS_PRIORITY
40.45,2,9.1967,0,NS_PRIORITY
40.47,2,9.2047,0,NS_PRIORITY
40.48,2,9.2132,0,NS_PRIORITY
40.5,2,9.2212,0,NS_PRIORITY
40.52,2,9.2297,60,NS_PRIORITY
40.53,2,8.5985,0,NS_PRIORITY
40.55,2,8.607,0,NS_PRIORITY
40.57,2,8.615,0,NS_PRIORITY
40.58,2,8.6235,0,NS_PRIORITY
40.6,2,8.632,0,NS_PRIORITY
40.62,2,8.64,0,NS_PRIORITY
40.63,2,8.6485,0,NS_PRIORITY
40.65,2,8.657,0,NS_PRIORITY
40.67,2,8.6655,0,NS_PRIORITY
40.68,2,8.6735,0,NS_PRIORITY
40.7,2,8.682,0,NS_PRIORITY
40.72,2,8.69,0,NS_PRIORITY
40.73,2,8.698,0,NS_PRIORITY
40.75,2,8.706,0,NS_PRIORITY
40.77,2,8.7145,0,NS_PRIORITY
40.78,2,8.723,0,NS_PRIORITY
40.8,2,8.7315,0,NS_PRIORITY
40.82,2,8.7395,0,NS_PRIORITY
40.83,2,8.748,0,NS_PRIORITY
40.85,2,8.7565,0,NS_PRIORITY
40.87,2,8.7645,0,NS_PRIORITY
40.88,2,8.773,0,NS_PRIORITY
40.9,2,8.7815,0,NS_PRIORITY
40.92,1,8.7895,0,NS_PRIORITY
40.93,1,8.7985,0,NS_PRIORITY
40.95,1,8.8065,0,NS_PRIORITY
40.97,1,8.8145,0,NS_PRIORITY
40.98,1,8.823,0,NS_PRIORITY
41.0,1,8.8315,0,NS_PRIORITY
41.02,1,8.84,0,NS_PRIORITY
41.03,1,8.8485,0,NS_PRIORITY
41.05,1,8.8565,0,NS_PRIORITY
41.07,1,8.865,0,NS_PRIORITY
41.08,1,8.874,0,NS_PRIORITY
41.1,2,8.882,0,NS_YELLOW
41.12,2,8.89,0,NS_YELLOW
41.13,2,8.8985,0,NS_YELLOW
41.15,1,8.9075,0,NS_YELLOW
41.17,1,8.9084,0,NS_YELLOW
41.18,1,8.9093,0,NS_YELLOW
41.2,1,8.9093,0,NS_YELLOW
41.22,1,8.9093,0,NS_YELLOW
41.23,1,8.9093,0,NS_YELLOW
41.25,1,8.9093,0,NS_YELLOW
41.27,1,8.9093,0,NS_YELLOW
41.28,1,8.9093,0,NS_YELLOW
41.3,1,8.9093,0,NS_YELLOW
41.32,1,8.9093,0,NS_YELLOW
41.33,1,8.9093,0,NS_YELLOW
41.35,1,8.9093,0,NS_YELLOW
41.37,1,8.9093,60,NS_YELLOW
41.38,1,7.3539,0,NS_YELLOW
41.4,1,7.3539,0,NS_YELLOW
41.42,1,7.3539,0,NS_YELLOW
41.43,1,7.3539,0,NS_YELLOW
41.45,1,7.3539,0,NS_YELLOW
41.47,1,7.3539,0,NS_YELLOW
41.48,1,7.3539,60,NS_YELLOW
41.5,1,6.6332,0,NS_YELLOW
41.52,1,6.6332,0,NS_YELLOW
41.53,1,6.6332,0,NS_YELLOW
41.55,1,6.6332,0,NS_YELLOW
41.57,1,6.6332,0,NS_YELLOW
41.58,1,6.6343,0,NS_YELLOW
41.6,1,6.6355,0,NS_YELLOW
41.62,1,6.6367,0,NS_YELLOW
41.63,1,6.6379,0,NS_YELLOW
41.65,1,6.6391,0,NS_YELLOW
41.67,1,6.6404,0,NS_YELLOW
41.68,1,6.6415,0,NS_YELLOW
41.7,1,6.6427,0,NS_YELLOW
41.72,1,6.644,0,NS_YELLOW
41.73,1,6.6453,0,NS_YELLOW
41.75,1,6.6465,0,EW_PRIORITY
41.77,1,6.6477,0,EW_PRIORITY
41.78,1,6.649,0,EW_PRIORITY
41.8,1,6.6502,0,EW_PRIORITY
41.82,1,6.6514,0,EW_PRIORITY
41.83,1,6.6527,0,EW_PRIORITY
41.85,1,6.6539,0,EW_PRIORITY
41.87,1,6.6552,0,EW_PRIORITY
41.88,2,6.6565,0,EW_PRIORITY
41.9,3,6.6587,0,EW_PRIORITY
41.92,3,6.6598,0,EW_PRIORITY
41.93,3,6.6612,0,EW_PRIORITY
41.95,3,6.6623,0,EW_PRIORITY
41.97,3,6.6635,0,EW_PRIORITY
41.98,3,6.6669,0,EW_PRIORITY
42.0,3,6.6703,0,EW_PRIORITY
42.02,3,6.6738,0,EW_PRIORITY
42.03,3,6.6774,0,EW_PRIORITY
42.05,3,6.682,0,EW_PRIORITY
42.07,3,6.6868,0,EW_PRIORITY
42.08,4,6.6933,0,EW_PRIORITY
42.1,4,6.6993,0,EW_PRIORITY
42.12,4,6.7054,0,EW_PRIORITY
42.13,4,6.7111,0,EW_PRIORITY
42.15,4,6.7179,0,EW_PRIORITY
42.17,4,6.7243,0,EW_PRIORITY
42.18,4,6.7304,0,EW_PRIORITY
42.2,4,6.7361,0,EW_PRIORITY
42.22,4,6.7422,0,EW_PRIORITY
42.23,4,6.749,0,EW_PRIORITY
42.25,4,6.7558,0,EW_PRIORITY
42.27,4,6.7625,0,EW_PRIORITY
42.28,4,6.769,0,EW_PRIORITY
42.3,4,6.775,0,EW_PRIORITY
42.32,4,6.7815,0,EW_PRIORITY
42.33,4,6.7875,0,EW_PRIORITY
42.35,4,6.794,0,EW_PRIORITY
42.37,4,6.8,0,EW_PRIORITY
42.38,4,6.8058,0,EW_PRIORITY
42.4,4,6.8115,0,EW_PRIORITY
42.42,4,6.8172,0,EW_PRIORITY
42.43,4,6.8233,0,EW_PRIORITY
42.45,4,6.8293,0,EW_PRIORITY
42.47,4,6.8354,0,EW_PRIORITY
42.48,4,6.8415,60,EW_PRIORITY
42.5,4,6.1757,60,EW_PRIORITY
42.52,5,4.5858,0,EW_PRIORITY
42.53,5,4.5919,0,EW_PRIORITY
42.55,5,4.598,0,EW_PRIORITY
42.57,5,4.6044,0,EW_PRIORITY
42.58,5,4.6105,0,EW_PRIORITY
42.6,5,4.6165,0,EW_PRIORITY
42.62,4,4.6223,0,EW_PRIORITY
42.63,4,4.6308,0,EW_PRIORITY
42.65,4,4.6383,0,EW_PRIORITY
42.67,4,4.6444,0,EW_PRIORITY
42.68,4,4.6508,60,EW_PRIORITY
42.7,4,3.9805,0,EW_PRIORITY
42.72,4,3.9869,0,EW_PRIORITY
42.73,4,3.993,0,EW_PRIORITY
42.75,4,3.9987,0,EW_PRIORITY
42.77,4,4.0047,0,EW_PRIORITY
42.78,4,4.0115,0,EW_PRIORITY
42.8,4,4.0172,0,EW_PRIORITY
42.82,4,4.0233,0,EW_PRIORITY
42.83,4,4.0294,0,EW_PRIORITY
42.85,4,4.0362,0,EW_PRIORITY
42.87,4,4.0431,0,EW_PRIORITY
42.88,4,4.05,0,EW_PRIORITY
42.9,4,4.0568,0,EW_PRIORITY
42.92,4,4.0641,0,EW_PRIORITY
42.93,4,4.071,0,EW_PRIORITY
42.95,4,4.0782,0,EW_PRIORITY
42.97,4,4.0864,0,EW_PRIORITY
42.98,4,4.0937,0,EW_PRIORITY
43.0,4,4.1005,0,EW_PRIORITY
43.02,4,4.1088,0,EW_PRIORITY
43.03,4,4.117,0,EW_PRIORITY
43.05,4,4.1257,0,EW_PRIORITY
43.07,4,4.1344,0,EW_PRIORITY
43.08,4,4.1422,0,EW_PRIORITY
43.1,4,4.1499,0,EW_PRIORITY
43.12,4,4.1577,0,EW_PRIORITY
43.13,4,4.1659,0,EW_PRIORITY
43.15,4,4.1732,0,EW_PRIORITY
